id,name,category,description,wikiLinks
6sqyf9,Abrasive Whetstone,amulet,When attacking a BLEEDING enemy  Critical Chance is increased by 15% and Critical Damage is increased by 15%.,https://remnant.wiki/Abrasive_Whetstone
ca8ada,Ankh of Power,amulet,Grants 15% increase to all damage. Consuming a Relic increases the bonus to 25% for 15s.,https://remnant.wiki/Ankh_of_Power
n8gqNY,Beads of the Valorous,amulet,Increases Damage Reduction and Movement Speed by 1% for every 5% of missing Max Health. Bonus is doubled at or below 50% Max Health. Max 10 stacks.,https://remnant.wiki/Beads_of_the_Valorous
41ookr,Birthright of the Lost,amulet,Increases All Damage by 10%. On Perfect Dodge  apply EXPOSED on the attacker and enemies with 3m of the wearer for 15s.  EXPOSED: Target receives 15% additional damage from all sources.,https://remnant.wiki/Birthright_of_the_Lost
mkroo2,Brazen Amalgam,amulet,Increases Critical Chance by 1.5% and Movement Speed while Aiming by 2.5% per second. Max 10 stacks. Dodge  Slide  or Flop removes stacks,https://remnant.wiki/Brazen_Amalgam
6il3tm,Brewmaster's Cork,amulet,Increases active Concoction limit by 2 and reduces all incoming damage by 2% for each active Concoction.,https://remnant.wiki/Brewmaster's_Cork
sap1xm,Broken Pocket Watch,amulet,Increases Stamina Regeneration by 25 and reduces Stamina Cost by 50%.,https://remnant.wiki/Broken_Pocket_Watch
67s1pu,Butcher's Fetish,amulet,Increases Critical Chance by 15% and Critical Damage by 25% for 5s after striking an enemy with a Charged Melee Attack.,https://remnant.wiki/Butcher's_Fetish
z496hr,Canine Keepsake,amulet,Increases All Damage by 2.5%  Critical Chance by 1.5%  and Critical Damage by 1.5% for every 5% of total Health present as Grey Health. Max 10 stacks.,https://remnant.wiki/Canine_Keepsake
5sfzsd,Cervine Keepsake,amulet,On Relic Use  gain a stack of CALL OF THE DOE for 30s. Max 5 stacks.  CALL OF THE DOE: Increases Movement Speed by 4% per stack. When CALL OF THE DOE expires  regain 1 Relic Charge per stack.,https://remnant.wiki/Cervine_Keepsake
zXxT8K,Cessation Bulbel,amulet,Activating a Mod consumes all current SHIELD. For every 20 SHIELD consumed  increases All Damage dealt by 4% for 10s. Max 10 stacks.,https://remnant.wiki/Cessation_Bulbel
5sfzsx,Chains of Amplification,amulet,Increases all damage dealt to targets suffering from a Status Effect by 20%.,https://remnant.wiki/Chains_of_Amplification
9yuvc8,Chef Medal,amulet,On Perfect Dodge  automatically trigger effects that require Relic Use to activate.,https://remnant.wiki/Chef_Medal
nm7b6f,Cleansing Stone,amulet,Reduces Duration of Elemental Status Effects against wearer by 50%. Relic use cleanses Elemental Status effects and grants 25% of wearers Max Health to all allies within 20m when cleansed.,https://remnant.wiki/Cleansing_Stone
wb4ixr,Core Booster,amulet,Increases Weakspot damage by 50% for 10s after killing an enemy.,https://remnant.wiki/Core_Booster
hug5mz,Cost of Betrayal,amulet,Reduces Relic Charges to 1. Increases All Damage by 25% when wearer has 1 Relic Charge. Increases incoming damage by 25% when wearer has no Relic Charge. After 15s of having no Relic Charges  regain 1 Relic Charge.,https://remnant.wiki/Cost_of_Betrayal
L6noPy,Crisis Core,amulet,When a single source of Enemy Damage exceeds 15% of Max Health  automatically trigger effects that require Perfect Dodge to activate and gain 15% Damage Reduction for 3s.  Can only happen once every 3 seconds.,https://remnant.wiki/Crisis_Core
ik580i,Daredevil's Charm,amulet,Gain 7.5% to all damage dealt and 3.75% Movement Speed for each empty Armor slot.,https://remnant.wiki/Daredevil's_Charm
i13ipm,Death's Embrace,amulet,Gain 15% to All Damage when Health is not completely full. When below 50% Health  gain an additional 10% bonus to All Damage and HASTE.,https://remnant.wiki/Death's_Embrace
ui1miz,Death-Soaked Idol,amulet,Increases All Damage by 6% for each entity within 20m suffering from a unique Negative Status Effect. Max 5 stacks.,https://remnant.wiki/Death-Soaked_Idol
dipf2o,Decayed Margin,amulet,Melee hits gain 3% base damage dealt as Lifesteal. For each 25% missing Health  gain 3% additional Melee Lifesteal. When Health is full  gain 35% Melee Damage.,https://remnant.wiki/Decayed_Margin
3zi80a,Detonation Trigger,amulet,Increases Explosion damage by 25%. Explosions apply 165 → 495 BURNING damage over 5s.,https://remnant.wiki/Detonation_Trigger
2zr6vu,Difference Engine,amulet,While a SHIELD is active  All Damage is increased by 20%  and 4.5% of Base Damage dealt is returned as Lifesteal.,https://remnant.wiki/Difference_Engine
1k2x4r,Downward Spiral,amulet,Increase Fire Rate by 10% and Melee Attack Speed by 15%. For every missing 10% of Max Health  gain 4% Ranged Damage (Max 20%) and 5% Melee Damage (Max 25%).,https://remnant.wiki/Downward_Spiral
rPV99a,Echo Chamber,amulet,Increases Explosive Damage by 10% and AOE Size by 25%. Inflicting Explosive Damage applies EXPOSED for 5s. Max 15s.  EXPOSED: Target receives 15% additional damage from all sources.,https://remnant.wiki/Echo_Chamber
2VokuK,Echo of the Forest,amulet,On Relic Use  gain GIFT OF THE FOREST for 15s. When Gift of the Forest expires  Relic effect is recast.,https://remnant.wiki/Echo_of_the_Forest
vkcf4e,Effigy Pendant,amulet,While Grey Health is present  gain 15% to all damage dealt  10% damage reduction and 1 additional hit before Grey Health is removed.,https://remnant.wiki/Effigy_Pendant
kah85t,Effluvium Enhancer,amulet,Increases ACID damage by 25% and CORROSIVE damage by 50%.,https://remnant.wiki/Effluvium_Enhancer
8dcefr,Emergency Switch,amulet,When below 50% Health  chance to consume Relic on use is reduced by 50%. Final Relic Charge is not consumed on use  but effect cannot be triggered again for 30s.,https://remnant.wiki/Emergency_Switch
c52jp0,Energized Neck Coil,amulet,Increases Status Effect damage by 20%. Directly applying a damaging Status Effect creates a 2m Explosion for 20% of its full damage.  Each target can be affected once every 5s.,https://remnant.wiki/Energized_Neck_Coil
evwgwk,Energy Diverter,amulet,While a SHIELD is active  gain 10% Critical Chance and 15% to All Damage dealt.,https://remnant.wiki/Energy_Diverter
vxcn9e,Escalation Protocol,amulet,Increases all damage dealt by 2.5% for 10s after killing an enemy. Stacks 10x. Dealing damage refreshes the timer.,https://remnant.wiki/Escalation_Protocol
C22peH,Exhaust Valve,amulet,Increases Heat Decay Rate by 25% and Weapons that Generate Heat no longer Overheat. At Max Heat  Fire Rate is reduced by 20%.,https://remnant.wiki/Exhaust_Valve
Hx5iNF,Fragrant Thorn,amulet,Increases Status Effect Damage by 20%. Inflicting 4 or more unique Negative Status Effects on a target applies EXPOSED for 15s.  EXPOSED: Target receives 15% additional damage from all sources.,https://remnant.wiki/Fragrant_Thorn
8xn7hh,Full Moon Circlet,amulet,Ranged damage Lifesteals 3% Base Damage dealt. At full health  Ranged damage is increased by 25%.,https://remnant.wiki/Full_Moon_Circlet
70ryol,Gift of Euphoria,amulet,Spending 20 Stamina grants 5% Critical Chance for 5s. Max 5 stacks.,https://remnant.wiki/Gift_of_Euphoria
65851b,Gift of Melancholy,amulet,Increases All Damage dealt by 25% when Stamina is at 100% for 7s.,https://remnant.wiki/Gift_of_Melancholy
u7am0w,Gift of the Unbound,amulet,Disables negative effects of Burden Rings and increases Movement Speed by 5% for each Burden lifted. (Max 20%).,https://remnant.wiki/Gift_of_the_Unbound
m0l0u5,Golden Ribbon,amulet,Increases Mod damage by 25%. Activating a Mod grants HASTE for 15s.,https://remnant.wiki/Golden_Ribbon
wbqua6,Gunfire Security Lanyard,amulet,Automatically reloads Magazine over time. Does not work for single shot weapons.,https://remnant.wiki/Gunfire_Security_Lanyard
qqg64h,Gunslinger's Charm,amulet,Increases Fire Rate by 15% and Reload Speed by 25%.,https://remnant.wiki/Gunslinger's_Charm
pfew3v,Hallowed Egg,amulet,Spending at least 30% of a Firearm's magazine to deal damage increases Melee damage by 10% for 7s. Stacks 5x.,https://remnant.wiki/Hallowed_Egg
4zvuco,Hangman's Noose,amulet,Restricts Health to 50% and backfills with permanent Grey Health. All incoming damage is fully converted into Grey Health and Grey Health cannot be removed.,https://remnant.wiki/Hangman's_Noose
c0z3fy,Hyperconductor,amulet,Doubles Base Skill Charges but increases all Skill Cooldowns by 25%.  Doubles base N'Erudian Energy Reserves for Turret and Drone.,https://remnant.wiki/Hyperconductor
3lzs0c,Index of the Scribe,amulet,Increases Mod and Skill Weakspot Damage by 35%.,https://remnant.wiki/Index_of_the_Scribe
dqhstq,Indignant Fetish,amulet,Taking damage from any source increase All Damage dealt by 20% and reduces All Incoming Damage by 10%. Lasts 15s.,https://remnant.wiki/Indignant_Fetish
k8d15f,Inert Overcharger,amulet,Standing completely still for 0.5s increases Fire Rate by 20%  Reload Speed by 15%  and reduces Recoil by 50%. Lasts 2s after moving.,https://remnant.wiki/Inert_Overcharger
65ygbg,Insipid Talon,amulet,On Perfect Dodge  increases All Damage dealt by 2% and Damage Reduction by 1% for 10s. Max 15 stacks.,https://remnant.wiki/Insipid_Talon
k1oijc,Insulation Driver,amulet,While BULWARK is active  gain 15% to all damage dealt and HASTE.,https://remnant.wiki/Insulation_Driver
lpv0qq,Jester's Bell,amulet,Casting a Mod or Skill increases All Damage by 15% for 20s. Increases Cast Speed by 35%.,https://remnant.wiki/Jester's_Bell
femylz,Kinetic Shield Exchanger,amulet,While a SHIELD is active  gain 25% Mod damage and generate 30% additional Mod power.,https://remnant.wiki/Kinetic_Shield_Exchanger
04yl4w,Kuri Kuri Charm,amulet,For every 10% of Health missing (Max 50%)  gain 10% increased Relic Use Speed and 7% chance to not consume a Relic Charge.,https://remnant.wiki/Kuri_Kuri_Charm
hwpkls,Laemir Censer,amulet,Increases Mod Duration by 50%. Increases Mod Cost by 10%.,https://remnant.wiki/Laemir_Censer
a7axvo,Legacy Protocol,amulet,Reduces Skill Cooldowns by 20% and increases Skill Duration by 15%.,https://remnant.wiki/Legacy_Protocol
rpxs8n,Leto's Amulet,amulet,Reduces Encumbrance by 40% and Stamina Cost by 35%.,https://remnant.wiki/Leto's_Amulet
zo9Dkk,Magnifying Glass,amulet,Increases Skill and Mod Duration by 30% and their AOE or Aura Sizes by 20%.,https://remnant.wiki/Magnifying_Glass
jlch5h,Matriarch's Insignia,amulet,Increases Melee Damage by 35% and causes all successful Melee Attacks to restore 10 Stamina.,https://remnant.wiki/Matriarch's_Insignia
zo9Dkd,Moon Stone,amulet,Increases Reload Speed by 15%. Every third manual Reload will reload both Firearms and increases Ranged Damage by 15% for 10s.,https://remnant.wiki/Moon_Stone
pd4ez1,Navigator's Pendant,amulet,Grants 25 Health  25 Stamina  and -10 Armor Encumbrance.,https://remnant.wiki/Navigator's_Pendant
r11n5x,Neckbone Necklace,amulet,Reduces the Damage of STATUS Effects applied to wearer by 50%. Gain 25% increased Damage when suffering from a STATUS or BLIGHT Effect.,https://remnant.wiki/Neckbone_Necklace
8q9cj1,Necklace of Flowing Life,amulet,Increases Grey Health conversion by an additional 100%. When Grey Health Conversion triggers  gain 5x the amount as Mod Power.,https://remnant.wiki/Necklace_of_Flowing_Life
dm67y5,Necklace of Supremacy,amulet,After 5s of not being damaged  increases all damage dealt by 15%. If Health is full  damage bonus increases to 30%.,https://remnant.wiki/Necklace_of_Supremacy
mewmtq,Nightmare Spiral,amulet,Gain 10% of base Ranged damage dealt as Lifesteal. Reduces Healing Effectiveness by 95%.,https://remnant.wiki/Nightmare_Spiral
0aaso1,Nightweaver's Grudge,amulet,Gain 15% Critical Chance and HASTE when within 20m of an entity suffering from a Status Effect.,https://remnant.wiki/Nightweaver's_Grudge
sqsdvj,Nimue's Ribbon,amulet,Increase Relic Healing Effectiveness by 50% Activating a Relic grants HASTE for 25s.,https://remnant.wiki/Nimue's_Ribbon
j5ew1m,One True King Sigil,amulet,Increases Mod damage by 20%. Enhances the effect of Faerin's Sigil and Faelin's Sigil by 50% per Sigil equipped.,https://remnant.wiki/One_True_King_Sigil
yl1ah9,One-Eyed Joker Idol,amulet,Neutral Backdash creates a Magic Card lasting 1s. If Card absorbs enemy damage  gain 25% Critical Chance for 5s. Neutral Backdash costs 15% additional Stamina.,https://remnant.wiki/One-Eyed_Joker_Idol
ps6umu,Onyx Pendulum,amulet,Dealing 100 Base Firearm damage adds stacks which multiplies the damage of stowed firearm by 1.02x for 15s. Stacks 10x.,https://remnant.wiki/Onyx_Pendulum
xz3z4k,Ornate Amulet,amulet,Activating a Skill increases All Damage by 5% for 10s. Max 5 stacks.,https://remnant.wiki/Ornate_Amulet
588hoi,Participation Medal,amulet,Increase Health by 10  Stamina by 10  Movement Speed by 10%  and Damage Reduction by 10%.,https://remnant.wiki/Participation_Medal
YsS9NW,Profane Soul Stone,amulet,Increases Summon Damage by 30% and Summon Movement Speed by 15%. Reduces total Damage Reduction by 10% per active Summon.,https://remnant.wiki/Profane_Soul_Stone
542njq,Quantum Memory,amulet,Combat Slide reloads currently equipped Firearm. Perfect Dodge Combat Slide reloads both firearms.,https://remnant.wiki/Quantum_Memory
t7x0op,Range Finder,amulet,After killing an enemy  gain 10% Ranged damage and 2m Firearm Range. Stacks 3x Lasts 10s. Ranged Weakspot Hits will refresh duration.,https://remnant.wiki/Range_Finder
gh0gk6,Ravager's Mark,amulet,Increases all damage dealt to BLEEDING targets by 20%. Bonus increases to 30% for targets with 50% or lower Health.,https://remnant.wiki/Ravager's_Mark
k1cwam,Reaction Chain,amulet,Increases Mod Damage by 20%. Activating a Mod generates 50% of Mod Power Spent to the Stowed Weapon's Mod.,https://remnant.wiki/Reaction_Chain
xxp0ri,Red Doe Sigil,amulet,Increases Relic Healing Effectiveness by 30% which doubles when the wearer's Health is below 50%.,https://remnant.wiki/Red_Doe_Sigil
U2Vekv,Reed of the Vaunnt,amulet,Activating a Mod increases Mod Generation by 15% for 10s. Mod Charges have 20% chance not to be consumed on use.,https://remnant.wiki/Reed_of_the_Vaunnt
fwtqy6,Relay Device,amulet,Swapping Firearms increases Ranged Damage by 20% for 1.5s plus an additional 0.5s for each round in the Magazine. Max 15s.,https://remnant.wiki/Relay_Device
iq6zyc,Rusted Navigator's Pendant,amulet,Grants 20 Health  20 Stamina and -15 Armor Encumbrance.,https://remnant.wiki/Rusted_Navigator's_Pendant
z7ivk2,Samoflange,amulet,Direct Damage taken from enemies grants an additional 60% Damage Reduction for 5s. Once the defensive buff expires  all incoming damage to wearer is increased by 15% for 10s.,https://remnant.wiki/Samoflange
j2jso0,Scavenger's Bauble,amulet,Increases Scrap pickups by 50%. Automatically pick up any nearby crafting materials.,https://remnant.wiki/Scavenger's_Bauble
ib2as6,Shaed Bloom Crystal,amulet,Gain a 35% damage bonus. Every 5s  the bonus switches between Physical and Elemental damage.,https://remnant.wiki/Shaed_Bloom_Crystal
9z1g8f,Shock Device,amulet,Increases SHOCK damage by 25% and OVERLOADED damage by 50%.,https://remnant.wiki/Shock_Device
yuW4pJ,Short Circuit,amulet,While a SHIELD is active  increases Critical Chance and Critical Damage by 10% and Skill Cooldowns are reduced by 6% once every 5s.,https://remnant.wiki/Short_Circuit
k8j2r3,Silver Ribbon,amulet,Increases Skill damage by 25%. Activating a Skill grants HASTE for 15s.,https://remnant.wiki/Silver_Ribbon
qwguja,Sinister Totem,amulet,Applying or refreshing a Negative Status Effect to an enemy increases Status Damage by 1% for 15s. Max 50 stacks.,https://remnant.wiki/Sinister_Totem
6amich,Soul Anchor,amulet,Increase All Damage by 20% while at least 1 Summon is active.,https://remnant.wiki/Soul_Anchor
z7ivk3,Soul Stone,amulet,Increases Summon Damage by 30% and Summon Movement Speed by 30%.,https://remnant.wiki/Soul_Stone
n1y24e,Spirit Wisp Amulet,amulet,Activating a Mod reduces current Skill Cooldowns by 3% for every 300 Mod Power spent.,https://remnant.wiki/Spirit_Wisp_Amulet
rcyafk,Stalker's Brand,amulet,Gain 12.5% Ranged and 15% Melee damage. Bonus doubles versus enemies not targeting wearer.,https://remnant.wiki/Stalker's_Brand
41ookg,Stoneshaper's Chisel,amulet,After not using the primary fire of a weapon for 10s. All Damage is increased by 25%. Primary fire of a weapon instantly cancels the effect.,https://remnant.wiki/Stoneshaper's_Chisel
8jy9hv,Talisman of the Sun,amulet,Increases FIRE damage by 25% and BURNING damage by 50%.,https://remnant.wiki/Talisman_of_the_Sun
t4ho4m,Timekeeper's Forfeit,amulet,Increases Status Effect Damage by 50%. Applying a Status Effect to an enemy also applies it to the wearer.,https://remnant.wiki/Timekeeper's_Forfeit
nevpy5,Toxic Release Valve,amulet,Swapping Firearms releases a Toxic Cloud  which deals 60.5-170.5 ACID Damage to all enemies within 7m and applies CORROSION dealing 280 ACID damage over 7s.  Can only happen once every 3s.,https://remnant.wiki/Toxic_Release_Valve
776kn2,Twisted Idol,amulet,Increases Armor Effectiveness by 35% and reduces Encumbrance by 20.,https://remnant.wiki/Twisted_Idol
1ucgis,Vengeance Idol,amulet,Increases all damage dealt by 30% when the wearer's Health is below 50%.,https://remnant.wiki/Vengeance_Idol
rctnex,Void Idol,amulet,Increases Reload Speed by 30%. Reloads only require 50% of magazine from reserves to fully reload.,https://remnant.wiki/Void_Idol
up6mi1,Volatile Cartridge,amulet,Increases Explosive Critical Chance and Explosive Critical Damage by 1% for every 5% of Max Health protected by a SHIELD.,https://remnant.wiki/Volatile_Cartridge
b9l389,Weightless Weight,amulet,Increases Movement Speed by 0.75% and reduces Stamina Cost of all actions by 0.75% for every 5 points of Armor Encumbrance.,https://remnant.wiki/Weightless_Weight
2e2hh5,Whispering Marble,amulet,Grants 3 stacks of BULWARK. Increases All Damage by 2% per stack of BULWARK.,https://remnant.wiki/Whispering_Marble
69dogy,Worn Dog Tags,amulet,Increases Fire Rate and Reload Speed by 15% and Decreases Weapon Charge Time by 15%.,https://remnant.wiki/Worn_Dog_Tags
ryS67y,Zero Divide,amulet,Gain Infinite Reserve Ammo and increases Ranged Damage by 15%.,https://remnant.wiki/Zero_Divide
ozin1d,Zero Hour,amulet,Increases All Damage by 20% and Critical Chance by 10%. Each Weight Class above LIGHT reduces All Damage bonus by 5% and Critical Chance by 2.5%.,https://remnant.wiki/Zero_Hour
67pme7,Alchemist,archetype,The ALCHEMIST specializes in powerful buffing Vials and consumable potency.,https://remnant.wiki/Alchemist
og1fvq,Archon,archetype,The ARCHON is the master of Weapon Mods and Mod Power generation.,https://remnant.wiki/Archon
wm2xsy,Challenger,archetype,The CHALLENGER specializes in close range combat and heightened survivability.,https://remnant.wiki/Challenger
98i1ka,Engineer,archetype,The ENGINEER specializes in Heavy Weaponry which can be carried or placed in turret mode.,https://remnant.wiki/Engineer
la3vvu,Explorer,archetype,The EXPLORER specializes in finding valuable items and overall team utility.,https://remnant.wiki/Explorer
d2qga5,Gunslinger,archetype,The GUNSLINGER specializes in raw damage  firearm handling  and ammo conservation.,https://remnant.wiki/Gunslinger
aazlxe,Handler,archetype,The HANDLER specializes in teamwork in both solo and cooperative scenarios.,https://remnant.wiki/Handler
5tkqdz,Hunter,archetype,The HUNTER specializes in ranged damage  precision shots and marking enemies.,https://remnant.wiki/Hunter
0ipjpk,Invader,archetype,The INVADER specializes elusiveness and misdirecting the enemy's focus.,https://remnant.wiki/Invader
Y2NhrX,Invoker,archetype,The INVOKER specializes in Skill Effectiveness and Buffs.,https://remnant.wiki/Invoker
d6fvmc,Medic,archetype,The MEDIC specializes in survivability with enhanced healing and Relic effectiveness.,https://remnant.wiki/Medic
1q7z9d,Ritualist,archetype,The RITUALIST is a powerful class focusing on status effects and AOE damage  that can make enemies infect their allies with whatever status they are suffering,https://remnant.wiki/Ritualist
og0bwx,Summoner,archetype,The SUMMONER specializes in using Minions to do their bidding and sacrificing them.,https://remnant.wiki/Summoner
tn0x3c,Warden,archetype,The Warden is an unlockable Archetype. They make use of a powerful N'Erud drone to empower themselves and their allies.,https://remnant.wiki/Warden
hqjxyn,Bark Extract,concoction,Increases Armor by 30.  Concoctions will stay in effect after death. Only one Concoction may be active at a time.,https://remnant.wiki/Bark_Extract
qj302c,Bottled Shaedberry,concoction,Increases Mod Power Generation by 10%.  Concoctions will stay in effect after death. Only one Concoction may be active at a time.,https://remnant.wiki/Bottled_Shaedberry
fhm256,Chilled Steam,concoction,Increases Movement Speed by 10%.  Concoctions will stay in effect after death. Only one Concoction may be active at a time.,https://remnant.wiki/Chilled_Steam
8p2sj3,Dark Cider,concoction,Increases Health by 6.66%  Stamina by 6.66%  and Movement Speed by 6.66%.  Concoctions will stay in effect after death. Only one Concoction may be active at a time.,https://remnant.wiki/Dark_Cider
byi9a5,Dark Fluid,concoction,Increases Distance of Evade and Combat Slide by 15% and reduces the cost by 20%.  Concoctions will stay in effect after death. Only one Concoction may be active at a time.,https://remnant.wiki/Dark_Fluid
byi9d,Egg Drink,concoction,Increases Dodge Weight Threshold by 10.  Concoctions will stay in effect after death. Only one Concoction may be active at a time.,https://remnant.wiki/Egg_Drink
4yzeco,Meat Shake,concoction,Increases Damage Reduction by 6.5%.  Concoctions will stay in effect after death. Only one Concoction may be active at a time.,https://remnant.wiki/Meat_Shake
yduuj3,Mudtooth's Elixir,concoction,Increases Experience Gains by 15%.  Concoctions will stay in effect after death. Only one Concoction may be active at a time.,https://remnant.wiki/Mudtooth's_Elixir
ru74g9,Mudtooth's Snake Oil,concoction,Grants 1 random Concoction effect. Ignores concoction limit.  Concoctions will stay in effect after death.,https://remnant.wiki/Mudtooth's_Snake_Oil
5yrxf1,Mudtooth's Stew,concoction,Increases Max Stamina by 20.  Concoctions will stay in effect after death. Only one Concoction may be active at a time.,https://remnant.wiki/Mudtooth's_Stew
p0ru94,Mudtooth's Tonic,concoction,Increases Max Health by 20.  Concoctions will stay in effect after death. Only one Concoction may be active at a time.,https://remnant.wiki/Mudtooth's_Tonic
d715ws,Numbing Agent,concoction,Increases the hits that can be taken before losing Grey Health by 1. Lasts 60m and will stay in effect after death.  Only one Concoction may be active at a time.,https://remnant.wiki/Numbing_Agent
56vkqr,Root Water,concoction,Regenerates 1 Health per second.  Concoctions will stay in effect after death. Only one Concoction may be active at a time.,https://remnant.wiki/Root_Water
dk9yg4,Sacred Lakewater,concoction,Increases Grey Health Conversion by 20% and Grey Health Regen by 2 per second.  Concoctions will stay in effect after death. Only one Concoction may be active at a time.,https://remnant.wiki/Sacred_Lakewater
kyulid,Sanguine Vapor,concoction,Grants 2% of base damage dealt as Lifesteal.  Concoctions will stay in effect after death. Only one Concoction may be active at a time.,https://remnant.wiki/Sanguine_Vapor
to2dcw,Strong Drink,concoction,Reduces Encumbrance by 10.  Concoctions will stay in effect after death. Only one Concoction may be active at a time.,https://remnant.wiki/Strong_Drink
l7r9sm,Tranquility Font,concoction,Reduces Reticle Sway  Spread  and Gun Recoil by 25%.  Concoctions will stay in effect after death. Only one Concoction may be active at a time.,https://remnant.wiki/Tranquility_Font
qgare2,Verdant Tea,concoction,Increases Stamina Recovery by 20 per second and reduces Stamina Regen Penalty by 50%.  Concoctions will stay in effect after death. Only one Concoction may be active at a time.,https://remnant.wiki/Verdant_Tea
2jeq07,Xenoplasm,concoction,Reduces Skill Cooldowns 10%.  Concoctions will stay in effect after death. Only one Concoction may be active at a time.,https://remnant.wiki/Xenoplasm
rw5Q9E,All-Seeing Eye,consumable,Grants a random buff or debuff. Lasts 3m.,https://remnant.wiki/All-Seeing_Eye
6lnae6,Ambit Ember,consumable,Slightly increases Evade Window and Evade Speed by 15%. Lasts 60s.,https://remnant.wiki/Ambit_Ember
v2usqs,Ammo Box,consumable,Replenishes all reserve ammo.,https://remnant.wiki/Ammo_Box
a34kjc,Antidote,consumable,Removes CORRODED effect and increases ACID resistance by 15. Lasts 10m.,https://remnant.wiki/Antidote
elazod,Bandage,consumable,Stops BLEEDING and restores all Grey Health.,https://remnant.wiki/Bandage
edaeta,Binding Orb,consumable,When thrown  Device becomes an anchor and applies SLOW to all enemies within 4m. Lasts 20s.,https://remnant.wiki/Binding_Orb
nrdcko,Black Tar,consumable,When thrown  explodes in a 4m radius dealing 30 damage and creating a puddle lasting 15s which applies TARRED for 30s to creatures inside.    Ranged damage and other FIRE sources ignite TARRED entities  dealing 250 BURNING damage over 10s.,https://remnant.wiki/Black_Tar
bisl2l,Blood Root,consumable,Regenerates 1.5 Health per second. Lasts 30s.,https://remnant.wiki/Blood_Root
937h03,Brightstone,consumable,When thrown  explodes in a 6m radius dealing 50 - 150 damage and leaving a mysterious Mist which causes enemies to receive 10% additional damage. Duration lasts 10s after enemies leave the Mist. Last 15s.,https://remnant.wiki/Brightstone
RCsP9c,Celestial Thaen Fruit,consumable,An ancient fruit that was harvested at its highest form. After consuming  upon death the hero will be revived with 50% Health  and be immune to STATUS effects for 30s.  Cooldown: 60m.,https://remnant.wiki/Thaen_Fruit
al8yob,Confidence Booster,consumable,Reduces incoming damage by 10%. While using a Relic  reduce Stagger by 1. Lasts 20s.,https://remnant.wiki/Confidence_Booster
3KVVwq,Dran's Dream,consumable,It feels as though the soothing glow within this thing is calling to you  whispering of a dream yet unrealized and an escape from the cold grip of reality. You've seen too far many inexplicable things in your day  yet the lure of this dreamer's promise is too much to resist.,https://remnant.wiki/Dran%27s_Dream
Y8ey65,Dried Fruit,consumable,Regenerates 5% Health instantly.,https://remnant.wiki/Dried_Fruit
JU5svc,Elder Thaen Fruit,consumable,An ancient fruit that was harvested at an older age. After consuming  upon death the hero will be revived with 40% Health  and be immune to STATUS Effects for 30s.  Cooldown: 60m.,https://remnant.wiki/Thaen_Fruit
ffjbc9,Ethereal Orb,consumable,Removes OVERLOADED effect and increases SHOCK resistance by 15. Lasts 10m.,https://remnant.wiki/Ethereal_Orb
aqphr5,Faerie Needle,consumable,Regenerates 10 Mod Power per second. Lasts 60s.,https://remnant.wiki/Faerie_Needle
m1gznf,Gul Serum,consumable,Reduces Stamina Consumption by 50%. Lasts 60s.,https://remnant.wiki/Gul_Serum
PvwhJ5,Huntress's Dream,consumable,The sphere emits a soft breeze that smells of flower and ash. You can't explain why  but you feel like it's watching you. Waiting.,https://remnant.wiki/Huntress%27s_Dream
1585ah,Koara Pellet,consumable,Consume to restore 10% Max Health instantly.,https://remnant.wiki/Koara_Pellet
E5CbP6,Light Extract,consumable,Grants HASTE. Lasts 60s.,https://remnant.wiki/Light_Extract
xgdk68,Liquid Escape,consumable,When consumed  the hero will be returned to the last activated checkpoint.,https://remnant.wiki/Liquid_Escape
3gZ3s3,Mature Thaen Fruit,consumable,An ancient fruit that was harvested at a mid-life age. After consuming  upon death the hero will be revived with 30% Health  and be immune to STATUS Effects for 30s.  Cooldown: 60m.,https://remnant.wiki/Thaen_Fruit
dvx5ib,Mud Rub,consumable,Extinguishes BURNING effect and increases FIRE resistance by 15. Lasts 10m.,https://remnant.wiki/Mud_Rub
6aasor,Mystery Jerky,consumable,Converts  6.66 Health into Grey Health per second. Last  15s.,https://remnant.wiki/Mystery_Jerky
4Sv3yg,Nimue's Dream,consumable,An alto hum emanates from the sphere  rising and falling seemingly at ranadom in a paceful  unrepeated melody.,https://remnant.wiki/Nimue%27s_Dream
0sec3n,Oilskin Balm,consumable,Cures ROOT ROT Blight and increases Blight Resistance by 25. Lasts 10m.,https://remnant.wiki/Oilskin_Balm
4g6uzA,Orb of Undoing,consumable,Resets all spent Trait Points.,https://remnant.wiki/Orb_of_Undoing
kfwizc,Pipe Bomb,consumable,When thrown  explodes in a 4m radius dealing 150 - 450 damage and applying BLEEDING  which deals an additional 250 - 750 BLEED damage over 30s.,https://remnant.wiki/Pipe_Bomb
6awni8,Poisoned Ambit Ember Capsule,consumable,Use to equip the capsule which can be thrown by pressing FIRE. The capsule will detonate after 2s or upon hitting an enemy  releasing a chemical agent which dampens the psionic abilities of long-term Ambit Ember users.,https://remnant.wiki/Poisoned_Ambit_Ember_Capsule
4lvdgg,Processed Koara,consumable,Decreases Stamina Recovery delay by 75% and Stamina Regen Penalty by 50%. Lasts 60s.,https://remnant.wiki/Processed_Koara
wzi8il,Purified Salve,consumable,Cures CURSE and increases Blight Resistance by 25. Lasts 10m.,https://remnant.wiki/Purified_Salve
rlpblq,Rocket Fuel,consumable,Increases Fire Rate by 10% and Melee Attack Speed by 15%. Lasts 20s.,https://remnant.wiki/Rocket_Fuel
rlpblz,Sweet Leaf,consumable,Grants 1 stack of BULWARK. Lasts 30s.,https://remnant.wiki/Sweet_Leaf
li99wc,Timeworn Unguent,consumable,Cures SUPPRESSION Blight and increases Blight Resistance by 25. Lasts 10m.,https://remnant.wiki/Timeworn_Unguent
5dUhG6,Walker's Dream,consumable,A terrible cacophony emanates from this sphere. Chittering  howling  shrieking... as if every sound ever expressed has been compiled into one vile utterance  loud and erratic.,https://remnant.wiki/Walker%27s_Dream
62uunk,Athletic,fusion,Movement Speed + Evade Speed,
ck7ms0,Capacitor,fusion,Firearm Charge Time + Heat Generation,
zr00kz,Cleric,fusion,Healing Effectiveness + Use Speed,
6ybk0o,Flash,fusion,Casting Speed + Use Speed,
d6hgip,Grip,fusion,Weapon Spread + Firearm Swap Speed,
w962ng,Gunfighter,fusion,Ranged Fire Rate + Reload Speed,
t2myua,Hulk,fusion,Health Bonus + Stamina Bonus,
ynxc2m,Longevity,fusion,Mod Duration + Skill Duration,
m1h26g,Mage,fusion,Mod Damage + Mod Generation,
g58d3p,Meta,fusion,Weakspot Damage + Critical Damage,
wi41h6,Munitions,fusion,Ranged Critical Chance + Ammo Reserves,
n5mt1u,Pirate,fusion,Ranged Damage + Melee Damage,
x59m5x,Protected,fusion,Shield Amount + Base Armor,
jeu7d6,Pugilist,fusion,Melee Speed + Base Stamina,
3fenef,Revitalize,fusion,Health Regeneration + Skill Cooldown,
q0ox6z,Rogue,fusion,Melee Critical Chance + Evade Speed,
ht9ok0,Sapper,fusion,Explosive Damage + Damage Reduction,
0dm69i,Selfless,fusion,Revive Speed + Healing Effectiveness,
26o0ys,Sniper,fusion,Ranged Damage + Weapon Ideal Range,
3b43hx,Tank,fusion,Damage Reduction + Armor Bonus,
6p6ssk,Threshold,fusion,Health Bonus + Grey Health Conversion,
oxap1d,Warrior,fusion,Melee Damage + Melee Speed,
g9u4i3,Wizard,fusion,Mod Critical Chance + Skill Critical Chance,
f4tb3k,Academic's Gloves,gloves,The initials of the Dran who once owned these - and misplaced them often - are embroidered on the wool-lined inside.,https://remnant.wiki/Academic's_Gloves
b7j8ys,Bandit Gloves,gloves,The bandit gloves are rough  patched together from scraps of leather and cloth  a testament to their owner's resourcefulness  and willingness to do whatever it takes to survive. Despite their rough and worn appearance  the gloves provide unexpected durability and protection amidst the unforgiving ruins of the city.,https://remnant.wiki/Bandit_Gloves
batglo,Battle Gloves,gloves,This pair of leather army gloves couldn't be more to the point. They help guard against knicks and cuts and will help you keep a strong grip even in extreme conditions. It's not the most effective gear you've ever seen  but it's better than nothing.,https://remnant.wiki/Battle_Gloves
80xuqr,Bruiser Gloves,gloves,These gauntlets are as tough as steel  as hard as stone  and up for whatever dangers or challenges come their way. They suit you well.,https://remnant.wiki/Bruiser_Gloves
ms9geh,Crimson Guard Gauntlets,gloves,These gauntlets line your forearms with sharp  yet elegant edges  though they lack the sharpened claws that would make a proper bloodthirsty Fae of you.,https://remnant.wiki/Crimson_Guard_Gauntlets
6jrywg,Cultist Gloves,gloves,An unusual piece of attire that consist of leather and rope wrappings that encircle the wearer's wrists. These unconventional gloves were favored by the members of a mysterious cult that valued secrecy and esoteric knowledge above all else,https://remnant.wiki/Cultist_Gloves
6oy3xp,Dendroid Grips,gloves,Against all logic  these gloves feel natural. Like extensions of who you were meant to be.      Seems like that should bother you more.,https://remnant.wiki/Dendroid_Grips
6dy3xp,Disciple Vambraces,gloves,The gauntlets taper to sharp points  reminding one that everything in Yaesha is deadly  even those who seem too beautiful to be so.,https://remnant.wiki/Disciple_Vambraces
1ijl54,Elder Gloves,gloves,Features striking loops of gold that add an ornate touch to the otherwise plain design. Curiously  these embellishments are only present on the left-hand glove  making it stand out from its counterpart on the right.,https://remnant.wiki/Elder_Gloves
6005lk,Fae Royal Vambraces,gloves,Suitable for archery or swordplay - for killing of any sort really.,https://remnant.wiki/Fae_Royal_Vambraces
7ic3gp,Field Medic Gloves,gloves,At a glance it's clear that these fingerless gloves won't keep you warm or offer much protection. Even still  you wear them because they provide improved grip without impacting precision.,https://remnant.wiki/Field_Medic_Gloves
afu61j,High Noon Armguards,gloves,Metal arm guards paired with well-worn gloves that are more comfortable gripping a warm gun than reaching for a handshake. They're tasked with protecting your greatest asset - your trigger finger.,https://remnant.wiki/High_Noon_Armguards
07mqqe,Knotted Gloves,gloves,The deadwood claws fit you almost too snug  making it difficult to remember where bark ends and your own flesh begins.,https://remnant.wiki/Knotted_Gloves
bhw19m,Labyrinth Gauntlets,gloves,Craggy  uneven stone melds tightly to your hands and forearms  as if the skin of something that once was has at last found new purchase.,https://remnant.wiki/Labyrinth_Gauntlets
2lqg9t,Leto Mark 1 Gloves,gloves,Offering unparalleled protection against the unpredictable dangers of The Root  but the trade-off  is that they can be cumbersome and restrict dexterity  making it difficult to perform intricate tasks.,https://remnant.wiki/Leto_Mark_1_Gloves
nfxk7i,Leto Mark II Gloves,gloves,These gauntlets are sturdy enough to hold up even against the Root: They're tough and intimidating while providing the bare-minimum level of dexterity for a steady grip on your weapon of choice. Just don't plan on completing any tasks that require subtlety when wearing these.,https://remnant.wiki/Leto_Mark_II_Gloves
1asxjo,Nanoplated Hands,gloves,These lithe vambraces taper to tightly fitted gloves made of thin  malleable metal sourced from passing asteroids caught in N'Erud's gravitational pull.  “Axion Cadyar was a high-ranking member of House Al'Maruun and the eldest of the Convocation. It was only his demoralizing temper that kept him from becoming Seeker Primis. Though he and I engaged in countless debates  he could never shake his distrust of my artificial design.”,https://remnant.wiki/Nanoplated_Hands
xl7dm2,Nightstalker Gloves,gloves,A single glove and arm wrap are all you need or want for arm protection. The only defense you can truly rely on is a loaded gun and a clear shot.,https://remnant.wiki/Nightstalker_Gloves
i21ob4,Phetyr Crushers,gloves,,https://remnant.wiki/Phetyr_Crushers
rjm014,Radiant Bracers,gloves,The fingerless leather gloves provide exceptional dexterity to the wearer  while the vambraces are adorned with a blue gem that gives the wearer access to the volatile energy stored within.,https://remnant.wiki/Radiant_Bracers
47ak51,Realmwalker Gloves,gloves,Ford's gloves were designed for warmth and dexterity. The soldier who wore these was not swinging blades or forging metal. He was pulling triggers and throwing grenades,https://remnant.wiki/Realmwalker_Gloves
7uqilq,Red Widow Bracers,gloves,These gloves are light  with openings for the fingers to allow the wearer maximum dexterity - a neccesary consideration for traditional Pan weaponry.,https://remnant.wiki/Red_Widow_Bracers
6clcha,Space Worker Gloves,gloves,Electromagnets are worked into the grip  activating automatically when the hand closes. Seems like a useful feature  so long as everything/you work with is metal.,https://remnant.wiki/Space_Worker_Gloves
ws5jah,Survivor Gloves,gloves,Made of durable leather and include a makeshift wrist guard consisting of a metal plate secured by leather straps  providing addition protection to the wearer's wrists without sacrificing dexterity.,https://remnant.wiki/Survivor_Gloves
11wear,Technician Gloves,gloves,A tingle runs across your palm within these gloves - like bugs skittering over your hand.,https://remnant.wiki/Technician_Gloves
tgd095,Trainer Bracer,gloves,An arm guard that also functions as a bite sleeve for training on the subtle nuances of when and who to bite.,https://remnant.wiki/Trainer_Bracer
a527cd,Void Wraps,gloves,Crafted from an enigmatic substance that resembles hardened bone in appearance. These gloves are a powerful tool in the hands of those who would wield the void  drawing energy from the emptiness between worlds to unleash devastating attacks. But with great power comes great cost  and those who dare to wear these gloves must be prepared to pay the price.,https://remnant.wiki/Void_Wraps
irt51q,Zealot's Wraps,gloves,Long gloves fit like a vice around your arms  the pressure quickening your pulse and increasing your awareness. Your hands are well protected with the exception of a few exposed fingertips  intentionally left unguarded in case a given ritual requires quick access to fresh blood.,https://remnant.wiki/Zealot's_Wraps
9qo2gg,Academic's Hat,helm,A soft and durable felt hat fashioned to stylize  not necessarily protect  the most important part of your body. ,https://remnant.wiki/Academic's_Hat
v66pgu,Bandit's Mask,helm,The helm of the bandit armor is a haunting symbol of the ruthless opportunism that arose after the cataclysmic destruction of Earth. Yet  for those who wear it  it also represents a means of survival in a world where mercy is a scarce commodity,https://remnant.wiki/Bandit's_Mask
nathem,Battle Helmet,helm,This helmet looks heavier than it is  which isn't all that surprising  considering it isn't bulletproof. Still  it's useful for protecting against falling debris  and if the angle's just right  it may get lucky and deflect a stray bullet or two. I wouldn't count on it  though.,https://remnant.wiki/Battle_Helmet
o5fNZw,Bloodless Crown,helm,The weight of this crown is heavy  so much heavier than you might have guessed. Though aged  the shining metal has been carefully preserved  and the crown jewel radiates with a passionate fury you can scarcely comprehend.,https://remnant.wiki/Bloodless_Crown
bd4pam,Bruiser Helmet,helm,The visibility in this helmet leaves much to be desired  but that's not really the point. It goes a long way in keeping your head on your shoulders.,https://remnant.wiki/Bruiser_Helmet
ce8izt,Crimson Guard Shroud,helm,The hooded mask wreathes you in a vicious  fiery visage that evokes both fear and admiration. The incandescent eye slits color your vision with the hues of hellfire.,https://remnant.wiki/Crimson_Guard_Shroud
pu3duv,Crown of the Red Prince,helm,A flashy  flame-hot diadem that demands respect and attention in equal measure...were there any subjects left to offer such sentiments. ,https://remnant.wiki/Crown_of_the_Red_Prince
x9jrx1,Cultist Hat,helm,A simple and unassuming headpiece that belies its storied past. Once worn by members of a secretive and enigmatic cult. It now serves as a symbol of redemption for those who have turned their backs on the group's teachings.,https://remnant.wiki/Cultist_Hat
vZL5tu,Dandy Topper,helm,Lovingly crafted by a skilled hatter who clearly takes great pride in their work. After being exposed to endless days of rain  the shell began to separate from the crown  so a woven cord was tied around the center to hold it in place—for now.,https://remnant.wiki/Dandy_Topper
y7fa8n,Dendroid Mask,helm,It's like putting your head inside the monsters you've been killing all this time. It's comfortable enough though  so long as you don't think about where it's been. ,https://remnant.wiki/Dendroid_Mask
y7fa8d,Disciple Headpiece,helm,The unwavering visage of Lydusa carves the shape of this mask. Though her sisters wandered far and wide  Lydusa seldom traveled at all  for stone by its nature is unmoving and lonely.,https://remnant.wiki/Disciple_Headpiece
fek1ml,Elder Headdress,helm,This headpiece hails from the wild and mysterious world of Yaesha. Its smooth      featureless. design is both eerie and elegant  painted a stark white and adorned     with luxuriant fur and imposing horns.,https://remnant.wiki/Elder_Headdress
88kdl6,Fae Royal Headcover,helm,It feels like you're not wearing any helmet at all - you'd swear you could even feel the wind in your hair. Yet it turns an arrow as effectively as any steel. ,https://remnant.wiki/Fae_Royal_Headcover
48nh1x,Field Medic Hat,helm,While it may shield your eyes from the sun  it's not particularly protective against the dangers of the Root. ,https://remnant.wiki/Field_Medic_Hat
e1waki,Field Medic Mask,helm,This face covering protects you from contagions without obstructing your sight. You feel like a creature from another world in this thing. Perhaps that's fitting. ,https://remnant.wiki/Field_Medic_Mask
94xkn1,High Noon Hat,helm,Something about this hat just feels right. Paired with a bandana  it keeps the sun and elements from hindering your all-important aim. ,https://remnant.wiki/High_Noon_Hat
oab1w0,Knotted Helm,helm,A hauntingly familiar visage  convincing enough to still be alive. To truly know your enemy  you must get inside its head. Literally. ,https://remnant.wiki/Knotted_Helm
im7fm2,Labyrinth Headplate,helm,This helmet is reminiscent of a statue from a time long  long before. ,https://remnant.wiki/Labyrinth_Headplate
kc4dc0,Leto Mark 1 Helmet,helm,Reinforced and designed to completely enclose the head  providing maximum protection against the dangers of the Root,https://remnant.wiki/Leto_Mark_1_Helmet
sdsybp,Leto Mark II Helmet,helm,While this ironclad helmet is somewhat difficult to breathe in  you feel secure knowing even the heaviest weapon would have little chance of cracking into your skull. ,https://remnant.wiki/Leto_Mark_II_Helmet
pjt7nj,Lodestone Crown,helm,This crown was worn by King Kolket himself. It could be heresy for a paxultek to wear such an artifact  but there are few left among the Pan who would even recognize it as their own.,https://remnant.wiki/Lodestone_Crown
u7PqrJ,Mudtooth's Hat,helm,A hat that once belonged to some kind of man in black. Or did it? Mudtooth went through some kind of crazy experience to get this thing  though the details are a little muddled. Either that  or he found it in a dumpster. You're going to choose to believe it's the former.,https://remnant.wiki/Mudtooth's_Hat
2x3sxo,Nanoplated Transmitter,helm,The wide  dish-shaped helmet functions as a long-range radar to translate the wearer's thoughts into commands for their drone.  “Cae'Loa Iturius was nominated to the Convocation on account of her innovative genius. However  she preferred the company of machines and artificial intelligence and rarely appeared in the public eye. Of the five Seekers  she was the least resistant to accepting my analysis of Alepsis-Taura.”,https://remnant.wiki/Nanoplated_Transmitter
ovnzhv,Navigator's Helm,helm,It's hard to imagine someone piloting an entire world  but that's who this helm was for. The sockets allowed them to speak with N'Erud directly. N'Erud had dozens of pilots  all working in concert-both with each other and with the world itself. ,https://remnant.wiki/Navigator's_Helm
zy1ce3,Nightstalker Shroud,helm,A hunting mask with advanced respirator capabilities. It purifies yet does nothing to mask the stench of death that permeates the air. ,https://remnant.wiki/Nightstalker_Shroud
3emu93,Phetyr Sensor,helm,,https://remnant.wiki/Phetyr_Sensor
hv4oqq,Radiant Visage,helm,The cowl is a striking blue  which contrasts with the large  featureless golden mask that covers the face of the wearer. This armor was highly coveted and only granted to those few who were recognized as the "Radiant Ones." ,https://remnant.wiki/Radiant_Visage
abhqna,Realmwalker Beret,helm,This hat once belonged to Founder Ford. He was only a captain then-a much younger Ford  from a long time and many lives ago. ,https://remnant.wiki/Realmwalker_Beret
k6zlwn,Red Widow Headdress,helm,The horns of this helmet are ornamental  designed to be displayed in addition to the Pan wearer's own horns-which themselves protrude from additional openings in the armor-to create a truly frightening visage. ,https://remnant.wiki/Red_Widow_Headdress
n3vlkq,Space Worker Mask,helm,People (Mudtooth mostly) tell stories of how  before the Root  humans could fly into space. It's probably not true  but if it were  they'd need something like this to keep them alive out there. ,https://remnant.wiki/Space_Worker_Mask
gsctum,Technician Helmet,helm,An overwhelming amount of information shines within the helmet's display  the vast majority of it incomprehensible. Whether that's because it's a foreign language or the helmet has been damaged by whatever destroyed this place is anybody's guess. ,https://remnant.wiki/Technician_Helmet
m8wgy9,Trainer Cap,helm,For some reason  your head feels naked without this simple baseball cap with a fox logo. That aside  it keeps the sun out of your eyes  and that's all you ask of it.,https://remnant.wiki/Trainer_Cap
gsctud,True Crimson Crown,helm,Unified at long last  this enigmatic mask and flaming diadem signify that its wearer is not only forever loyal to the Red King but stands as his most favoured equal.,https://remnant.wiki/True_Crimson_Crown
s7tvfn,Void Skull,helm,The skull-like helm hails from the inhospitable world of Rhom  where survival demands more than just strength and cunning. Fashioned from a mysterious material  its surface glimmers with an otherworldly sheen that seems to shift and change with the light. Its sleek and angular lines  reminiscent of some alien technology  evoke a sense of unease in those who gaze upon it. ,https://remnant.wiki/Void_Skull
81jid6,Welding Goggles,helm,,https://remnant.wiki/Welding_Goggles
ts1v89,Zealot's Hat,helm,A large-brimmed hat that manages to strike fear in those who see it despite its simplistic and unintimidating design. Its main use is to cast its wearer's face in     a shadow as dark as the deeds they seek to commit under black of night.,https://remnant.wiki/Zealot's_Hat
9b43cb,Academic's Trousers,legs,Expensive-looking shoes fit for a lecture hall...that wouldn't last a week outside it.,https://remnant.wiki/Academic's_Trousers
zdv44y,Bandit Trousers,legs,Consists of a pair of basic slacks and sturdy boots. While it may not offer much in terms of protection  it allows for easy movement and agility in the dangerous terrain of the ruined cityscapes. The simplicity of the design is a testament to the practicality of the bandits  who prioritize functionality over aesthetics.,https://remnant.wiki/Bandit_Trousers
battra,Battle Slacks,legs,A rugged pair of army pants complete with a functional  nondescript belt  a belt buckle  and a set of worn leather boots. They're designed to withstand whatver the mission demands of a soldier.,https://remnant.wiki/Battle_Slacks
pof5ii,Bruiser Boots,legs,While they're not exactly aesthetic  you're more comfortable in twice-temper steel and repurposed tire tread than you care to admit.,https://remnant.wiki/Bruiser_Boots
zk58sf,Crimson Guard Sabatons,legs,The crimson greaves clink and clank as you walk  announcing your presence to those honored enough to know it. Each sabaton tapers to a sharp  defiant point.,https://remnant.wiki/Crimson_Guard_Sabatons
mr4hn3,Cultist Britches,legs,Simple slacks and boots made of cloth and wrapped in rope. Cultists rely on their unwavering devotion to the Root for their safety instead.,https://remnant.wiki/Cultist_Britches
zwh3mb,Dendroid Leggings,legs,The deadwood boots are surprisingly snug. You're not sure what you expected shodding your feet inside the bloodthirsty branches of the Root  but it wasn't this cushioned comfort.,https://remnant.wiki/Dendroid_Leggings
udddub,Disciple Greaves,legs,You can feel all of Yaesha beneath the soles of these heavy greaves: the soft loam of the soil  the plush of green clovers  and the cold chill of a gurgling stream. You walk with the ease of those who were born of the forest.,https://remnant.wiki/Disciple_Greaves
tfvyyg,Elder Leggings,legs,Designed for both form and function. Made from durable yet lightweight materials  they allow for a full range of movement and flexibility in combat.,https://remnant.wiki/Elder_Leggings
pi4h8k,Fae Royal Greaves,legs,Although apparently made of steel  they feel lighter than any boots you've eve worn.      No... you feel lighter when wearing them.,https://remnant.wiki/Fae_Royal_Greaves
eqcfyt,Field Medic Trousers,legs,With an assortment of pockets  pouches  and loops for your various concoctions you're essentially a walking apothecary.,https://remnant.wiki/Field_Medic_Trousers
yccols,High Noon Soles,legs,Durable pants with spurred boots and a strip of leather for a belt. The only accent is an imposing skull on the belt buckle  a constant reminder that death is always lurking in the shadows.,https://remnant.wiki/High_Noon_Soles
b48zw1,Knotted Greaves,legs,These boots are surprisingly light and agile  carrying you through foliage and bramble with ease. They seem to know where to go before you even lift you foot.,https://remnant.wiki/Knotted_Greaves
td29nk,Labyrinth Treads,legs,The grime of a thousand different worlds mars the side of boots that walk in one place where all paths converge.,https://remnant.wiki/Labyrinth_Treads
59uhgg,Leto Mark 1 Leggings,legs,Offering unparalleled protection at the cost of speed and agility. Although it hinders movement  the armor's strength allows its wearer to withstand even the most vicious attacks without fear of serious injury.,https://remnant.wiki/Leto_Mark_1_Leggings
t8auqk,Leto Mark II Leggings,legs,Strong yet streamlined. Practical yet aesthetic. Although you can't expect to make a quick getaway in these  they're just what you need to stand strong against the looming threat of destruction. The care and attention to detail t| went into them is something to behold.,https://remnant.wiki/Leto_Mark_II_Leggings
im4rk0,Nanoplated Waist,legs,These boots end in a foot with three long toes  which help augment the wearer's balance and flexibility  allowing them to navigate complex and unforeseen environments.  “Maxim Lar'Veli  the People's Seeker  was nominated to the Convocation despite his relatively low status within House Al'Maruun due to his earnest nature and passionate dedication to his people. He elected himself to stay awake alongside the Seeker Primis while the rest of the Drzyr entered cryostasis. For that short while  Precept Surus and I were his only confidants.”,https://remnant.wiki/Nanoplated_Waist
l6utx1,Nightstalker Pants,legs,Thin shoes that fit perfectly and feel like they practically disappear on your feet. They're ideal for stealthy maneuvering while stalking your prey.,https://remnant.wiki/Nightstalker_Pants
pd68a7,Phetyr Locomotor,legs,,https://remnant.wiki/Phetyr_Locomotor
vsg3ue,Radiant Greaves,legs,Gleaming golden plates overlap and protect the wearer's feet and shins. Originally designed to be worn by the Pan  it's impressive how the armor can be adapted to fit human proportions without sacrificing its durability or protective properties.,https://remnant.wiki/Radiant_Greaves
4sy6z9,Realmwalker Pantaloons,legs,There is hardly a world where these boots haven't tread.,https://remnant.wiki/Realmwalker_Pantaloons
e4fbbu,Red Widow Leggings,legs,Even though this armor was designed to be worn by a Pan warrior  you are still able wear it and benefit from its protection.,https://remnant.wiki/Red_Widow_Leggings
rsyilr,Space Worker Legs,legs,The magnets in the boots are far stronger than those in the gloves. It's unclear how they know when to activate  but they do so on their own. Massive as N'Erud is  it must not provide enough gravity to ensure its workers remain attached to...,https://remnant.wiki/Space_Worker_Legs
gv2eqj,Survivor Leggings,legs,Provides minimal protection  but serve the purpose of covering up skin to prevent minor cuts and scrapes while trekking through rough terrain.,https://remnant.wiki/Survivor_Leggings
m16oqd,Technician Greaves,legs,Designed for stability rather than speed. Plant your weight in these things  and you'd be very difficult to move.,https://remnant.wiki/Technician_Greaves
olwicb,Trainer Workboots,legs,Durable pants that are used to handling more than a little dirt and fur. The canteen is for your companion  while the flask is all yours.,https://remnant.wiki/Trainer_Workboots
73lqjk,Void Greaves,legs,A sturdy pair of footwear  expertly crafted from the same unknown material the other Void armor pieces. Their angular design and jagged edges give their wearer an intimidating and fearsome look. But these boots are more than fashion statement-they provided unparalleled protection and stability in the treacherous environments of Rhom.,https://remnant.wiki/Void_Greaves
sem0s8,Zealot's Seaboots,legs,Tall wading boots and toughened leather may protect your legs from the unruly waters of Losomn  but they will do nothing to guard against the treacherous creatures that lurk just beneath those sullied waves  thirsting for the blood of those who stray too far from shore.,https://remnant.wiki/Zealot's_Seaboots
777968,77 79 68,mod,TOGGLE COMBAT FIRING MODESTOGGLE COMBAT FIRING MODES,https://remnant.wiki/Polygun
h9k5pd,Abrasive Rounds,mod,Imbues ammunition with BLEED and increases Lifesteal by 5% for 20s. Shots also apply BLEEDING  dealing 200 → 600 damage over 10s.,https://remnant.wiki/Abrasive_Rounds
h9k5pl,Accelerator,mod,Charge Melee Attacks increase the speed of all Melee Attacks by 10% for 5s.,https://remnant.wiki/Atom_Smasher
vi86jx,Aftermath,mod,On Relic Use  Redeemer stores the wielder's equipped Relic effect with the weapon as a launchable payload. Upon firing  the payload bursts across 4m when contacting a human ally  or lays dormant up to 15s until an ally gets close. Max 1 stored Relic which cannot be modified.,https://remnant.wiki/Redeemer
mqta6g,Astral Burst,mod,Fires a short range burst of 7 star fragments which deal 70 → 210 damage each. Fragments bounce off walls up to 3 times  dealing 10% additional damage per bounce. Weakspot hits deal reduced damage.,https://remnant.wiki/Astral_Burst
wszjeu,Awakening,mod,Incoming damage grants Awakening which increases Melee Damage by 5% per stack for 10s. Max 10 stacks.,https://remnant.wiki/Wrathbringer
k7z7r2,Banish,mod,Banishes enemies or allies into another dimension for 4s. When Banish ends  enemies take 1.25x → 1.5x the damage from the Repulsor's primary fire for 8s.  Powerful enemies won't be banished  but will take increased damage from any Repulsor while debuffed.,https://remnant.wiki/Repulsor
5ke493,Beta Ray,mod,Brands a target for 30s. Branded enemies that die leave a Brand at their location.  Reloading or Swapping detonates Brands dealing 225 → 675 damage. Additional Brands (3 Max) on the same target deal 50% damage. Slain enemies return 5% - 15% of Ammo and Mod Power to the weapon.,https://remnant.wiki/Alpha_/_Omega
puif17,Beyond the Veil,mod,Neutral Evade turns to mist  granting Nightshade 5% base damage as Lifesteal for 5s. Perfect Dodge doubles duration.,https://remnant.wiki/Nightshade
s7ozpe,Big Bang,mod,Funnels all current Mod Charges into the next shot. Projectile deals 65 → 195 direct damage and 65 → 195 Explosive damage per Charge consumed in a 5m radius. Explosion applies 75 → 225 BURNING damage over 10s per Charge consumed.  Additional Charges consumed increase all damage by 5%. Max 5 Charges.,https://remnant.wiki/Star_Shot
gdY2uZ,Blaze,mod,Charge Melee Attacks apply BURNING which deals 200 - 600 FIRE damage over 5s.,https://remnant.wiki/Smolder
ss7zwt,Blood Draw,mod,Shoots out razor-sharp Chain Shards which impale up to 5 targets within 15m  dealing 10 damage. On hit  chains are pulled towards the caster  dealing 250 damage split equally among enemies and applying 275 BLEEDING damage over 15s.,https://remnant.wiki/Blood_Draw
yxxajn,Bloodline,mod,Fires a devastating blast which penetrates through all enemies in its path. Deals 150 → 450 damage with a 25% Critical damage bonus  and 3x additional stagger.  Bloodline damage increases by 50% for each enemy penetrated.,https://remnant.wiki/Merciless
tw8tbh,Bloodshot,mod,While active  grants unlimited Reserve Ammo  increases Reload Speed by 50%  and shots appy 250 → 750 BLEEDING damage over 10s. If 3 shot hit a Weakspot reloading  Merciless will automatically perform a quick Reload. Lasts 13s.,https://remnant.wiki/Corrupted_Merciless
1rw0kk,Bloodthirst,mod,Attacks from behind enemies always count as Weakspots. Charge Attacks deal 200 → 600 BLEEDING damage over 10s.,https://remnant.wiki/Assassin's_Dagger
iq4wjy,Bore,mod,Fires a drill projectile which bores into enemies on contact  dealing 80 damage. After fully burrowing into an enemy  creates a Weakspot which grants 65% of normal Weakspot Damage on hit. If attached to an existing Weakspot  Ranged Crit Chance is increased by 15% when attacking the drill. Lasts 10s.,https://remnant.wiki/Bore
lxt1j0,Chain of Command,mod,Harpoon Mode: Fire Harpoon to mark target causing primary fire to become Homing Rounds dealing 15% reduced damage. Enemies hit by Homing Rounds build Influence. Recasting exits Mode.  When Influence fills  Monarch automatically reloads  creates a shockwave  and gains 20% Increased Damage and Infinite Reserves. Lasts 20s.,https://remnant.wiki/Monarch
dxnd9s,Chaos Driver,mod,Drives electrified rods which tether to other rods within 10m. Tethers last 10s and deal 20 → 60 SHOCK damage per second.    Targets take 50 → 150 SHOCK damage per second  and 25% damage per extra rod. Increases 1.5x if linked to another rod. Rods in the same target will not link.,https://remnant.wiki/Enigma
an140h,Concussive Shot,mod,Fires a focused blast of air through all targets within 8m  dealing 155 - 465 damage and 4x impact.,https://remnant.wiki/Concussive_Shot
hr3g7o,Corrosive Rounds,mod,Imbues ammunition with ACID and increases Range Critical Chance by 15% for 20s. Shots apply CORRODED dealing 150 - 450 damage over 10s.,https://remnant.wiki/Corrosive_Rounds
a3ctlf,Creeping Mist,mod,Shoots out a canister that shatters to reveal an expanding mist  starting at 7.5m and growing to 15m over 5s. Lasts 20s.  Enemies within the mist receive 25% additional Status Effect Damage and are 5% more likely to be struck with a critical hit from any source. The mists debuff persists for 10s after targets exit the mist.,https://remnant.wiki/Creeping_Mist
2nMTRG,Cube Room,mod,Conjures a 5m anomalous Cube Room which grants allies an increase of 75% Heat Decay Rate  reduces Heat Generation per round when firing weapons that Overheat by 20% and automatically generates missing reserve ammo per second. Lasts 15s.,https://remnant.wiki/Corrupted_Cube_Gun
1bfanq,Cube Shield,mod,Generates a Cube Shield which absorbs up to 500 → 1500 damage from incoming enemy projectiles. Lasts 15s.  Reactivating fires the Cube Shield which damages enemies as it travels. Damage is increased if the Cube Shield has absorbed enemy projectile damage before firing.,https://remnant.wiki/Cube_Gun
1bfadq,Cyclone,mod,Maintaining an overhead Charged Melee forms a 5m sand cyclone  dealing 35 damage per second and pulls enemies towards the wielder. Each Cyclone hit applies EXPOSED for 3s. Max 15s.,https://remnant.wiki/Mirage
ysz4fw,Deadpoint,mod,Fires a cluster bomb which detonates on impact across 2.5m. Each cluster deals up to 50 → 150 damage per explosion within 3.5m.,https://remnant.wiki/Corrupted_Meridian
k7z7rz,Deadwood,mod,Disables automatic BLOWBACK  while increasing Thorn's Reload Speed by 25%  and Fire Rate by 15%.  Reactivating the Mod will trigger an EMPOWERED BLOWBACK  which detonates all needles at once for 100% additional damage. Lasts 20s.,https://remnant.wiki/Thorn
d3q99g,Death Brand,mod,Applies Death Brand to all non-allies within 25m  increasing incoming damage by 10%. Enemies killed while bearing the Death Brand leave behind an Echo which lasts 10s before returning to the Nightmare Realm.  Echoes are drawn to any survivor who walks within 3m  increasing Weakspot Damage dealt by 10% for 10s.,https://remnant.wiki/Corrupted_Rune_Pistol
wilhsl,Death Sentence,mod,Dealing Melee Damage 6 times over 10s empowers Feral Judgement. When empowered  Neutral Backdash Charge Attacks apply Death Sentence.  After 1.5s of being sentenced  the enemy will suffer 10 Phantom Strikes  dealing 25 → 75 Damage each. Deals 25% additional damage to BLEEDING enemies.,https://remnant.wiki/Feral_Judgement
3hqdob,Defrag,mod,Infects weapon with Malware for 30s  causing shots to apply FRAGMENTED for 5s. When a FRAGMENTED enemy dies  they create a Glitch that lasts 15s.  Picking up a Glitch increases All damage by 20% for 15s.  Destroying a Glitch causes it to destabilize  creating a 5m Virus Pool which deals 25 damage per second and applies the FRAGMENTED debuff to enemies inside. Virus Pools last 15s.,https://remnant.wiki/Defrag
ybej3w,Dreadwalker,mod,Enter the Nightmare Realm. Nightfall gains infinite Ammo  a 25% Fire Rate increase  10% Lifesteal  and becomes fully automatic. The wielder becomes significantly harder to hit while moving.  Disables other weapons and Skills for the duration  or until Dreadwalker is deactivated. Lasts 10s.,https://remnant.wiki/Nightfall
dwmc70,Dreamwave,mod,After dealing 250 → 750 damage  Charge Attack will release a Dreamwave  floating outwards 20m and returning to caster.  Dreamwave applies SLOW to all enemies for 10s and grants a Stack of REVERIE for each enemy affected. Each Stack grants 2% to All Damage and 2% Movement Speed  which lasts 15s.,https://remnant.wiki/Dreamcatcher
22nk8x,Dying Breath,mod,When Infused  Neutral Backdash Charge Attack explodes in a 3m AOE and leaves an ACID Cloud which lasts for 15s.,https://remnant.wiki/Gas_Giant
8uluwc,Energy Wall,mod,Deploys an energy barrier on impact with ground. Allies can shoot through Energy Wall but enemy projectiles are absorbed (up to 500 damage received). Max 1 Wall at a time. Lasts 30s.,https://remnant.wiki/Energy_Wall
7ztoh8,Energy Wave,mod,Charge Attacks use Stamina to release an energy wave projectile  allowing the wielder to strike enemies from much farther away.,https://remnant.wiki/Hero's_Sword
3xf7i2,Eulogy,mod,Recalls bolts which deal 30 → 90 damage when pulled from a target and when striking targets on their return. Recalled bolts grant 2% of Max Health.  Recalled bolts can also overfill Sorrow up to +5. Any additional bolts will be returned to reserves.,https://remnant.wiki/Sorrow
hpfdzp,Explosive Shot,mod,Fires an explosive round that deals up to 175 → 525 FIRE damage within 9m and applies BURNING  dealing 250 → 750 FIRE damage over 10s.,https://remnant.wiki/Hellfire
sccdmt,Familiar,mod,Summons Fearie Familiar to aid in combat. The Familiar selects a random enemy within 10m and slashes through them for 25 damage each attack. Familiar will select a new target when the previous one dies. Lasts 20s.,https://remnant.wiki/Familiar
yedqs6,Fargazer,mod,Calls forth an eye of Legion to gaze at the player's AIM target. For every 0.25s Fargazer focuses on a target within 25m  a stack of MADNESS Status is applied for 5s. Each stack deals 3 Damage per second. Max 10 stacks. Lasts 30s.,https://remnant.wiki/Fargazer
o1zwol,Fathomless Deep,mod,Charged Melee Hits grant Fathomless Deep which increases Melee Stagger by 10% per stack for 5s. Max 3 stacks.,https://remnant.wiki/Abyssal_Hook
5mlisj,Faultline,mod,Melee Charge attacks fire off ground-based shockwaves which deal 115 → 345 damage.,https://remnant.wiki/Stonebreaker
snlx8w,Firestorm,mod,Creates a whirling cyclone that sucks in nearby targets and applies BURNING for 10s. The center of the cyclone deals 75 FIRE damage per second. Lasts 15s.,https://remnant.wiki/Firestorm
d490vt,Fission Strike,mod,On Neutral Evade Attacks Atom Splitter achieves Nuclear Fission  releasing a wave of charged particles which deals 150 → 450 damage to targets within 20m.  Charged Neutral Evade Attacks increase range by 3x and damage by 25%.,https://remnant.wiki/Atom_Splitter
2GWpcL,Flying Bomb Trap,mod,Fires a projectile that deploys up to 5 traps after contacting the ground.  Each trap can launch a flask of deadly liquid up to 15m when an enemy travels above and will rearm once every 1.5s. Flask detonations release a 7m shockwave which deals 50 Damage and splashes targets within 4m of the center for 100 ACID Damage  applying CORRODED for 100 damage over 10s.  Lasts 20s or 10 total flask launches.,https://remnant.wiki/Flying_Bomb_Trap
x8vmra,Fracture,mod,Charge Attacks taint the blood of targets  causing all attacks from Godsplitter to register as Weakspot hits for 2s.,https://remnant.wiki/Godsplitter
D8obdv,Fusion Cannon,mod,Funnels all current Mod Charges into a powerful penetrating rail dealing 100 → 300 base damage which is increased per Charge consumed. Max 5 Charges.  Consuming a Charge refills 20% of the Primary Magazine.,https://remnant.wiki/Corrupted_Savior
kep3kb,Gravity Core,mod,Fires a highly compressed sphere which creates a large Gravity Well on contact  pulling in enemies for 4s.  When the Gravity Well expires  it deals 750 → 2250 damage within 10m. Adds 500 → 1500 damage per enemy and divides total damage among all enemies.,https://remnant.wiki/Starkiller
anhbhf,Guardian's Call,mod,When Mod Power is full  Primary Fire becomes Empowered and highlights enemies it strikes.  Activating the Mod calls down a Guardian Sword on enemies struck by an Empowered Energy Disc. Swords deal 150 → 450 damage and 3x stagger within 3m.,https://remnant.wiki/Twisted_Arbalest
WzXG4x,Guardian's Fury,mod,Imbues the Arbalest with the power of Yaesha's corrupted guardian  increases Fire Rate by 20%  reduces Recoil and Sway by 25% and each disc impact with an enemy explodes over 3.5m for 69 → 207 damage. Lasts 15s.,https://remnant.wiki/Corrupted_Arbalest
vk6XTW,Harvester Bots,mod,Releases 5 Harvester Bots for 30s that seek an enemy to siphon  granting allies within 30m a stack of DRAIN.  DRAIN: Gain 1% of base damage dealt as Lifesteal per stack. Max 5 stacks.,https://remnant.wiki/Harvester_Bots
vc361n,Healing Shot,mod,Launches a payload that explodes on contact with allies  healing 35% of their max health. When no ally is struck  payload lays dormant until an ally gets close. Dormant payload lasts 30s  slowly losing healing potency over time.,https://remnant.wiki/Healing_Shot
s49h0c,Heat Sink,mod,Forces open Plasma Cutter's heat vents dispersing all heat. While active  Plasma Cutter generates 50% less heat  and ramping damage cap is increased to 3x Damage. Overheats automatically when deactivated. Lasts 20s.,https://remnant.wiki/Plasma_Cutter
vc3s1n,Heatwave,mod,Activates a 15m aura of sweltering heat  causing enemies inside the aura for 3s to begin BURNING for 250 FIRE Damage over 5s. Lasts 30s.,https://remnant.wiki/Heatwave
1mtqkk,Helix,mod,Shoots a helix of missiles  dealing 120 - 360 damage. On contact  divides into 6 smaller rockets which seek additional targets  dealing 30 - 90 damage on contact.,https://remnant.wiki/Helix
2fjw9q,Horizon Strike,mod,Charge Attacks release a wide horizontal projectile that penetrates through multiple enemies dealing 100.8 → 302.4 damage.,https://remnant.wiki/World's_Edge
9vzb9r,Hot Shot,mod,Imbues ammunition with FIRE and increases Ranged damage by 15% for 20s. Shots also apply BURNING  dealing 200 - 600 FIRE Damage over 10 seconds.,https://remnant.wiki/Hot_Shot
778jv8,Indomitable Strike,mod,Charged Attacks become INDOMITABLE.  INDOMITABLE: Grants 15% Damage Reduction  converts all damage taken to Grey Health  and prevents wielder from being staggered. Charging increases maximum damage by up to 350%.,https://remnant.wiki/Black_Greatsword
29kz6t,Javelin,mod,Charge attacks use 25 stamina to throw the spear  which returns to the wielder's hand.,https://remnant.wiki/Huntress_Spear
4hu8s0,Kilonova,mod,Charged Melee empowers the Gauntlets for 15s  increasing Standard Melee Damage by 25% and causing Charged Melee Attacks to release 8m penetrating blasts. Each blast reduces the duration.  While empowered  performing a Charged Melee Attack during a Neutral Backdash gathers power for up to 5s  then fires a DARKNESS BEAM that deals 100 → 300 Melee Damage every 0.5s. The beam duration equals its time charged  then ends Kilonova after firing.,https://remnant.wiki/Dark_Matter_Gauntlets
e4n1w4,Knight Guard,mod,Summons Knight Guard to aid in combat. The Guards hurl penetrating slashes at a random enemy dealing 65 damage. The Guards will melee enemies if close enough for 65 damage. Lasts 30s.,https://remnant.wiki/Knight_Guard
38rncx,Krell Edge,mod,Charge to throw the Krell Axe which applies OVERLOADED on hit  dealing 50 - 150 SHOCK damage every 5s for 10s. Shortly after throwing  another will appear in the wielders hand.  Costs 25 Stamina.,https://remnant.wiki/Krell_Axe
4zqfhu,Lifeline,mod,After dealing 250 - 750 damage  the next Charge Attack causes the Spirit of the Red Doe to stampede forward  dealing 160  - 480 damage to enemies and regenerating 10% Health to allies.,https://remnant.wiki/Red_Doe_Staff
aobtw7,Loathe the Weak,mod,Rapidly fires volatile needles that explode after 1.5s dealing 30 → 90 explosive damage. Deals additional damage to targets with lower health. Lasts 15s.,https://remnant.wiki/Anguish
5s9x12,Mega Drive,mod,Activate while a valid target is in-sights  marking it with quantum Entanglement. All Genesis projectiles seek to the Entanglement target after initial impact  dealing 35% of Primary Fire damage.  While active  activating can switch Entanglement target. Lasts 15s.,https://remnant.wiki/Genesis
8izb2g,Micronova,mod,Fires 5 shattered star orbs. On contact  they each explode for 75 → 225 FIRE damage  and apply 200 → 600 BURNING damage over 10s to all targets within 2.75m.  Striking the Micronova with Corrupted Aphelion's primary fire causes a chain reaction of larger and more powerful detonations which also apply the initial BURNING amount.  Generates 1 Primary Ammo on Fire.,https://remnant.wiki/Corrupted_Aphelion
wfak3h,Moonlight Barrage,mod,Empowers the Bow for 15s. Arrows apply Moonlight to enemies for 3s. Enemies struck by Crescent Moon while Moonlit release a Moon Essence which returns 1 arrow  heals 5% of Max Health  and grants 15% Fire and Reload Speed for 5s.  Basic Shots automatically become Charged Shots. Perfect Shots fire two arrows.,https://remnant.wiki/Crescent_Moon
WARGv3,Nano Phase,mod,Detonate active Nano-bots  each dealing 100 → 300 ACID damage plus an additional 25 → 75 ACID damage per Nano-bot detonated to enemies within 2m and applies CORRODED  dealing 50 → 150 damage over 10s per Nano-bot detonated.,https://remnant.wiki/Corrupted_Nebula
8ko9zz,Nano Swarm,mod,Unleash a swarm of Nanomachines that seek after enemies within 20 meters and repeatedly attack dealing 3 → 9 ACID damage per hit and applying CORRODED dealing 50 → 150 ACID damage over 5s. Lasts 10 seconds.,https://remnant.wiki/Nebula
czgb8w,Ouroboros,mod,Conjures 3 sword fragments that encircle the wielder for 30s. Performing a Melee Attack lets loose a Fragment which taints the blood of targets  causing all attacks from Deceit to register as Weakspot hits for a short period of time.  Charge Melee Attacks fire all remaining Fragments at once but they taint blood for a shorter duration for each thrown.,https://remnant.wiki/Deceit
tya9an,Overflow,mod,Imbues ammunition with SHOCK and increases Fire Rate by 15% and Reload Speed by 15% for 20 seconds. Shots also apply OVERLOADED  dealing 35 SHOCK Damage every 5s for 15s.,https://remnant.wiki/Overflow
t1ugnb,Phantom Blade,mod,Charged Melee Attacks release a Phantom that trails behind the host weapon  dealing 35% of the Harvester Scythe’s damage. Each hit of the Phantom Blade increases Melee Attack Speed and Melee Charge Speed by 6% for 5s. Max 5 stacks.,https://remnant.wiki/Harvester_Scythe
2JimAt,Power Stone,mod,Charged Melee empowers the staff for 10s  causing Melee Attacks to launch an energy bolt that seeks enemies within 30m  dealing 50 → 150 SHOCK Damage and grants 1 stack of POWER STONE. Max 10 stacks.  While empowered  Charged Melee calls a 6m shockwave dealing 75 → 225 SHOCK Damage and ends POWER STONE. For each POWER STONE stack built when ended  release 1 energy bolt that seeks a random enemy and applies OVERLOADED  dealing 50 → 150 SHOCK damage every 5s for 10s.,https://remnant.wiki/Crystal_Staff
vtcg3o,Prismatic Driver,mod,Fires a superheated beam which deals 125 Mod Damage per second. Sustaining the beam on a target causes an explosion which deals 300 Mod damage in a 3m AOE.,https://remnant.wiki/Prismatic_Driver
geb8ho,Reaver,mod,Increases Melee Damage by 10% if the target is suffering from a Negative Status Effect.,https://remnant.wiki/Ritualist_Scythe
Rix6Sr,Recoil Dampener,mod,Activation stabilizes Monorail  increasing Charge Speed by 25% and reducing Recoil and Sway by 75%. Lasts 20s.  Additionally  for each 5% of the Charge Meter filled upon firing  gain 1% Critical Chance and Critical Damage. Max 20%.,https://remnant.wiki/Monorail
4rdl8r,Ring of Spears,mod,Calls forth 7 Phantom Spears to encircle the wielder for 25s. Deals up to 35 damage per second to nearby enemies  based on the number of spears remaining in the ring.  While active  spears can be thrown by reactivating the Mod. Spears deal 100 and will remain at their impact point for the duration of the Mod.  Holding the Mod Button recalls embedded Spears  dealing 50 damage to enemies along their path. When all recalled spears return  they cause an Explosion dealing up to 350 damage based on the number of spears recalled.,https://remnant.wiki/Ring_of_Spears
nfw6ja,Rootlash,mod,Launches a projectile which summons a Root Tentacle. Tentacles deal 30 - 90 damage and steal 1.5% of the hero's Max Health per hit. Lasts 20s. (Max 2),https://remnant.wiki/Rootlash
vgin4w,Rotted Arrow,mod,Fires a rotten arrow that deals 110 - 330 Base Damage with a 150% bonus Weakspot modifier. Detonates for another 100 - 300 damage within 4m.,https://remnant.wiki/Rotted_Arrow
ozNPv9,Sandstorm,mod,Launch a sphere of loam. Impact creates a 5m swirling storm of sand which seeks to center itself on an enemy and deals 45 → 135 Elemental damage per second. When Sandstorm's focused target dies  it will seek a new enemy within 10m. Lasts 15s.,https://remnant.wiki/Monolith
hcv400,Scrap Shot,mod,Fires a canister that releases Caltrops over an area of 6m. Caltrops apply SLOW and BLEEDING to enemies  dealing 400 - 1 200 damage over 10s. Lasts 10s.,https://remnant.wiki/Scrap_Shot
4aeebu,Screamer,mod,Fires a high-powered rocket that deals up to 200 → 600 damage within 2.5m.,https://remnant.wiki/Meridian
z9e8qq,Shatterstar,mod,Imbues ammunition with FIRE. Hits apply BURNING  which deals 250 → 750 FIRE damage over 10 seconds. Lasts 20s.  Hitting an enemy causes the shot to fragment  striking enemies within 7m for 30% of the initial damage dealt and also apply BURNING. Lasts 20s.,https://remnant.wiki/Savior
DUs5M2,Shielding Shot,mod,Launches a payload that bursts on contact with allies  applying a SHIELD for 25% of their Max Health for 15s. Max 50% SHIELD. When no ally is struck  payload lays dormant until an ally gets close. Dormant payload lasts 30s and slowly loses Shield potency over time.,https://remnant.wiki/Shielding_Shot
cpvech,Skewer 2.0,mod,Fires a Wretched Spear which embeds itself on contact. Spears deal 125 damage on hit  rapidly dividing inside the target until bursting  dealing 140 damage to all targets within 3m. Spears embedded in the environment remain in place for 10s.,https://remnant.wiki/Skewer_2.0
edm644,Song of Eafir,mod,Fires a shot infused with the binding power of the Song of Eafir. Staggers most ground enemies within 10m and deals 150 → 450 damage to Flying enemies within the same range.  The song continues for 15s  afflicting targets within 15m with SLOW reducing their damage by 10%.,https://remnant.wiki/Song_of_Eafir
imk8xh,Soul Brand,mod,Applies Soul Brand to all enemies within 25m which lasts 25s. Enemies killed while bearing the Soul Brand leave behind an Echo which lasts 15s before returning to the Nightmare Realm.  Echoes are drawn to any survivor who walks within 3m  granting 25% of Max Health on contact.,https://remnant.wiki/Rune_Pistol
5bb0mv,Soulbinder,mod,Fires a projectile that attaches to the enemy dealing 40 damage. Enemies within 7m become bound to the primary target after impact and share 60% of damage dealt to them. Lasts 15s.,https://remnant.wiki/Soulbinder
4wd3gm,Space Crabs,mod,Launch an alien egg that bursts on impact  releasing 5 Space Crabs. Crabs follow the caster  leaping towards enemies within 4m  and exploding  dealing 60 - 180 damage each.,https://remnant.wiki/Space_Crabs
9fi67v,Spore Shot,mod,Fires a rotten spore that releases a specialized gas cloud over 6m. Applies SLOW to enemies while dealing 15 → 45 damage per second for 7s. Grants HASTE to allies  which lasts 5s after leaving the cloud.,https://remnant.wiki/Sporebloom
j9wkb3,Starfall,mod,Fires a magical arrow which deals 30 → 90 damage and opens a 7m portal that rains down star fragments. Each fragment deals 50 → 150 damage within 2m. Last 6s.,https://remnant.wiki/Sagittarius
rer73h,Stasis Beam,mod,Fires a beam which deals 15 - 45 damage per second  and applies SLOW Debuff. After 2s of application to an enemy  SLOW becomes STASIS  freezing the target in place for 10s.,https://remnant.wiki/Stasis_Beam
9rxk65,Supernova,mod,Fires the compressed remains of a dying star. On contact  explodes for 150 → 450 FIRE damage  and 350 → 1050 BURNING damage over 10s to all targets within 4m.  Striking the Supernova with Aphelion's primary fire spawns a massive shockwave which greatly increases the area of effect  total damage  and applies the initial BURNING amount.  Generates 1 Primary Ammo on Fire.,https://remnant.wiki/Aphelion
nn1q6k,Time Lapse,mod,Creates a 6m blast which freezes all standard enemies for 7s.  Dealing damage to frozen enemies immediately breaks the Time Lapse effect  applying SLOW for the remaining duration.,https://remnant.wiki/Time_Lapse
g6glpj,Tremor,mod,Fires a projectile that cracks the ground and spawns shockwaves that deal 75 damage Within 9m for 6s. Shockwaves inflict 3x impact.,https://remnant.wiki/Tremor
0ycjs9,Voidlight,mod,Launches a projectile that releases Voidlight which remains dormant for 10s. While active  aborbs other damage sources.  After expiration  explodes and fires up to 5 protectiles which home in on enemies within 15m. Projectiles deal 250 → 750 Mod Damage split among enemies hit  dealing an additional 150 → 450 per 100 Base Damage absorbed. Max 5x.,https://remnant.wiki/Voidlight
wjopwy,Voltaic Rondure,mod,Launches a slow-moving orb that pulses every 0.5s  striking enemies within 6 for 20 → 60 SHOCK damage and applying OVERLOADED  dealing 25 → 75 SHOCK damage every 5s for 15s. The orb lasts 20s.  Repeatedly damaging the orb overcharges it  increasing its radius. Overcharged orb deals 50% increased pulse damage.,https://remnant.wiki/Voltaic_Rondure
2y6xm7,Whirlwind,mod,Performing a Charged Melee Attack during a Neutral Backdash creates a Whirlwind of slashes which strike all enemies within 8m for 91 → 273 damage.,https://remnant.wiki/Spectral_Blade
9jwTXR,Will of the Wisp,mod,Launches a Wisp that uniquely seeks to one anchored primary fire bolt location. Bolts anchored to enemies deal 100 → 300 damage per Wisp. Bolts anchored to allies heal 10% Max Health per Wisp. Bolts are consumed when impacted by a Wisp.,https://remnant.wiki/Corrupted_Sorrow
82v8kz,Windfall,mod,Fires a ring of spinning blades which penetrates targets as it travels up to 20m before returning to the weapon. While traveling  activating Windfall again causes the projectile to spin in place for up to 3s. Activating it once more will recall it.  Enemies struck by the Windfall obtain Tainted Blood for 3s causing all attacks from Deceit to trigger as Weakspot hits.,https://remnant.wiki/Corrupted_Deceit
ggf5qe,Witchfire,mod,Fires a highly volatile projectile that explodes to leave a line of flaming terrain. Deals 55 FIRE Damage per second  and applies BURNING  dealing 200 damage over 10s. Lasts 5s.,https://remnant.wiki/Witchfire
f9tqot,Bandit,mutator,On hit  grants a 10% - 30% chance to return spent Ammo directly into the magazine of this weapon.  Bows: On hit  grants a 10% - 30% chance to return spent Ammo back into the reserves of this weapon.. At Max Level: When Ammo is returned to this weapon  it gains 10% increased Fire Rate for 3s. Duration can increase up to 10s.,https://remnant.wiki/Bandit_(Mutator)
n5zhws,Battery,mutator,Increases Weakspot Damage by 10% - 20% for every 400 Mod Power Spent by the attached weapon's mod. Max 3 stacks. Lasts 10s.. At Max Level: At Max Stacks  gain 10% Critical Chance on Weakspot Hits.,https://remnant.wiki/Battery
y5hY8J,Battle Mage,mutator,Skill activation grants Mage Strike for 10s  increasing Melee Mod Generation by 25% - 50%.. At Max Level: Mage Strike also increases Melee Damage by 15%.,https://remnant.wiki/Battle_Mage
8lg493,Bottom Heavy,mutator,Grants 7% Fire Rate. Increases 1% - 2% for every 10% of Magazine missing.. At Max Level: Reload Speed is increased by 1.5% for every 10% Magazine missing.,https://remnant.wiki/Bottom_Heavy
cr22cp,Bulletweaver,mutator,Mod use increases Fire Rate of this weapon by 10% - 20%  for 15s.. At Max Level: Increases Mod Generation for this weapon by 15%.,https://remnant.wiki/Bulletweaver
77hc49,Charged Wounds,mutator,Increases this weapon's Fire Rate and Reload Speed by 2.5% - 5% per OVERLOADED entity within 15m. Max 5 stacks.. At Max Level: This weapon's Ranged Weakspot and Ranged Critical Hits apply OVERLOADED  dealing 75 - 225 SHOCK damage over 10s.,https://remnant.wiki/Charged_Wounds
ssvo08,Deadly Calm,mutator,Continuously Aiming increases Ranged Damage by up to 10% - 25% over 3s.. At Max Level: Ranged Critical Hit Chance increased by 10%.,https://remnant.wiki/Deadly_Calm
9htayl,Dervish,mutator,Increases Melee Damage by 20% - 40% for 10s when activating a Skill.. At Max Level: After dealing 350 base Melee damage  reduce Skill Cooldowns by 3%.,https://remnant.wiki/Dervish
fgs17j,Detonator,mutator,Each 10% of this weapon's magazine spent  cause an explosion for 5 - 10 Explosive Damage to targets within 0.5m of impact location.. At Max Level: Increases this weapon's explosive damage by 20%.,https://remnant.wiki/Detonator
3kadzw,Disengage,mutator,Melee Strikes increase the damage of the next Backdash Evade Attack by 5% - 15%. Max 3 Stacks. Lasts 7.5s.. At Max Level: Perfect Neutral Evades grant 3 stacks.,https://remnant.wiki/Disengage
zcqbti,Dreadful,mutator,Increases Ranged Damage by 1% - 2% for every 5% of total Health present as Grey Health. Max 20% increase.. At Max Level: Increases Reload Speed for this weapon by 25% while Grey Health is present.,https://remnant.wiki/Dreadful
mpxowx,Edgelord,mutator,Increases Melee Charge Speed by 15% - 35% and Melee Attack Speed by 10%.. At Max Level: Gain 3% of based Charged Melee Damage dealt as Lifesteal.,https://remnant.wiki/Edgelord
pynv5l,Executor,mutator,Charged Melee Attacks increase the duration of Negative Status Effects on enemies by 10% - 30% of the original duration. Cannot exceed original max duration.. At Max Level: Increases Melee Charge Speed and Melee Attack Speed by 5% per entity within 20m with a Negative Status Effect. Max 4 stacks.,https://remnant.wiki/Executor
pszxmh,Extender,mutator,Increases Magazine Capacity of this weapon by 20% - 45%.  Bows: Increases Reserve Size of this weapon by 20% - 45%.. At Max Level: Increases Reload Speed of this weapon by 20%.,https://remnant.wiki/Extender
0xx8tz,Failsafe,mutator,Attached Mod deals 10% - 25% additional Mod Damage.. At Max Level: Attached Mod use gains a 15% chance to not consume charge.,https://remnant.wiki/Failsafe
QJdhx2,Far-Sighted,mutator,Increases Ranged Damage of this weapon by 1.25% - 2.5% for every 2.5m from the shooter to the target. Max 25%.. At Max Level: Increases this weapon's Ideal  Falloff  and Max Range by 5m.,https://remnant.wiki/Far-Sighted
75qok3,Feedback,mutator,Using this weapon's Mod generates 10% - 20% of single charge value as passive Mod Power over 10s. Does not stack.. At Max Level: Mod Damage generates 15% of Base Damage dealt as Mod Power.,https://remnant.wiki/Feedback
b07g02,Fetid Wounds,mutator,Increases Critical Chance of this weapon by 1% - 3% per unique Negative Status Effect on the enemy. Max 15% increase.. At Max Level: This weapon's Ranged Weakspot and Ranged Critical Hits apply CORRODED  dealing 75 CORROSIVE damage over 10s.,https://remnant.wiki/Fetid_Wounds
85c7yj,Ghost Shell,mutator,Every 3rd consecutive Weakspot Hits deals 20% - 40% additional damage.. At Max Level: Increases Weakspot Critical Chance by 15%.,https://remnant.wiki/Ghost_Shell
N4LpPR,Gladiator,mutator,While brandishing a Melee Weapon  receiving Enemy Damage increases Melee Damage by 25% - 50% for 5s.. At Max Level: Receiving Enemy Damage while brandishing a Melee Weapon grants 1 stack of BULWARK for 5s.,https://remnant.wiki/Gladiator
961d6v,Guts,mutator,Increases Melee Critical Chance by 5% - 25% when Grey Health is present.. At Max Level: Increases Melee Critical Damage by 0.5% for every 1% of Grey Health.,https://remnant.wiki/Guts
jyl055,Harmonizer,mutator,Attached Mod deals 10% - 20% additional Mod Damage.. At Max Level: Generate 25% additional Mod Power for Stowed Weapon.,https://remnant.wiki/Harmonizer
9154v1,Hidden Power,mutator,Increases the attached weapon's Ranged Damage by 15% → 25% after being stowed for 2s. Lasts 7s upon being brandished.. At Max Level: Automatically reloads the attached weapon after being stowed for 2s.,https://remnant.wiki/Hidden_Power
mh4scd,Hyper Charger,mutator,Increases Charged Melee Stamina Cost by 65%. Increases Charged Melee Damage by 25% - 50%.. At Max Level: Charged Melee Hits increase Stamina Recovery Rate by 100% for 3s.,https://remnant.wiki/Hyper_Charger
mkbquc,Ingenuity,mutator,Reduces the Heat Generation of this weapon by 10% - 30%.. At Max Level: Reload Speed is increased up to 55% based on this weapon's Heat accumulation.,https://remnant.wiki/Ingenuity
9x521w,Insulator,mutator,Spending 20% - 10% of this weapon's magazine grants a SHIELD for 5% of Max Health for 10s. Max 25% SHIELD.. At Max Level: Increases Ranged Critical Chance for this weapon by 10% when SHIELD is above 10% of Max Health.,https://remnant.wiki/Insulator
rzfptj,Kill Switch,mutator,Switching to this weapon creates an Explosive Burst which deals 50 - 250 Damage to all enemies within 7m.   Can only happen once every 10s.. At Max Level: This weapon's kills with any Explosive Damage reduce Kill Switch cooldown by 1s.,https://remnant.wiki/Kill_Switch
nft2cp,Latency,mutator,Melee Weapons with special abilities which become readied by dealing Melee Damage require 10% - 35% less damage to charge.. At Max Level: Increases the power of readied Melee Special abilities by 25%.,https://remnant.wiki/Latency
s2z9cc,Lithely,mutator,Dealing 50% - 20% of the attached Weapon's Magazine Base Damage increases reload speed by 3%. Lasts 7s. Max 5 Stacks.. At Max Level: Reloading at Max Stacks increases Ranged Damage by 20% for 15s.,https://remnant.wiki/Lithely
4m2lg1,Maelstrom,mutator,Increases this weapon's Elemental Damage by 5% - 10% for each unique Elemental Status Effect on the target.. At Max Level: Increases Mod Power Generation of Elemental Damage and Elemental Status damage by 20%.,https://remnant.wiki/Maelstrom
imqrfz,Misfortune,mutator,Increase Melee damage by 6% - 10%  for each unique Negative Status the target is suffering from.. At Max Level: Charge Melee Attacks apply SLOW for 3s.,https://remnant.wiki/Misfortune
cvbjvd,Momentum,mutator,When this weapon scores a Critical Hit  it increases Critical Chance and Critical Damage by 1% - 2% for 3s. Max 10 stacks.. At Max Level: Critical Hits from this weapon add 2 stacks. Increases duration by 2s.,https://remnant.wiki/Momentum
7Y9hfZ,Near-Sighted,mutator,Increases Ranged Damage of this weapon by 10% - 20% to enemies within 7m.. At Max Level: Increases Ranged Critical Chance of this weapon by 10% to enemies within 7m.,https://remnant.wiki/Near-Sighted
qca3zh,Opportunist,mutator,Perfect Dodge activates OPPORTUNITY which increases Melee Critical Chance by 50% - 100% for 2s.. At Max Level: While OPPORTUNITY is active  any Dodge or Combat Slide refreshes the duration.,https://remnant.wiki/Opportunist
mjzb0f,Overdrive,mutator,Melee Critical Hits increase Melee Critical Chance by 2% - 5% for 10s. stacking up to 5 times.. At Max Level: Melee Critical Strikes deal 25% additional damage.,https://remnant.wiki/Overdrive
EV4ULr,Pressure Point,mutator,Increases this weapon's Ranged and Mod Damage by 5% - 15% to enemies within 7m.. At Max Level: Activating this weapon's Mod triggers a fixed 7m blast  dealing 50 Explosive Damage per 100 Mod Power spent in a single cast. Inflicts 1.5 Stagger Damage.,https://remnant.wiki/Pressure_Point
lo6uce,Prophecy,mutator,Using this weapon's Mod increases Mod Power Generation by 3% - 6% for 10s. Max 5 stacks.. At Max Level: Increases Movement Speed by 3% per stack.,https://remnant.wiki/Prophecy
fcl7u2,Refunder,mutator,Shots from this weapon have a 20% - 50% chance to return spent Ammo to reserves.. At Max Level: Refunded Ammo has a 25% chance to also be added to stowed weapon reserves.,https://remnant.wiki/Refunder
5bfv3p,Reinvigorate,mutator,Reduces the Stamina Cost of all Charged Melee Attacks by 25% - 50%.. At Max Level: Melee Charge Attacks gain 20% additional damage and 10% Critical Chance.,https://remnant.wiki/Reinvigorate
jbrq12,Repercussion,mutator,Each enemy hit by Primary Fire grants 1 stack of REPERCUSSION  increasing Ranged Damage by 3% - 6% per stack. Max 5 stacks. Shots consume stacks.. At Max Level: Increases this weapon's Critical Chance by 3% per stack of REPERCUSSION.,https://remnant.wiki/Repercussion
ha3amj,Resentment,mutator,Gain 15% - 35% Melee Damage when Grey Health is present.. At Max Level: Reduces Stagger by 1 when using any Melee Attack.,https://remnant.wiki/Resentment
9htako,Searing Wounds,mutator,Increases Ranged Damage of this weapon by 1% - 10% to BURNING targets.. At Max Level: This weapon's Ranged Weakspot and Ranged Critical Hits apply BURNING  dealing 50 FIRE damage over 5s.,https://remnant.wiki/Searing_Wounds
23ztdj,Sequenced Shot,mutator,This weapon's Charged Shots decrease the Charge time of Subsequent Charge Shots by 10% - 35%  for 5s.. At Max Level: While active  Charged Primary Shots grant 1% Ranged Critical Chance per round spent. Max 15%.,https://remnant.wiki/Sequenced_Shot
bhov5r,Shielded Strike,mutator,Melee Attacks grant a SHIELD for 3% - 6% of Max Health for 5s. Max 30% SHIELD.. At Max Level: Charged Melee Attacks deal 25% additional Melee Damage based on current SHIELD accumulation.,https://remnant.wiki/Shielded_Strike
7js906,Shocker,mutator,Empowers weapon after 3 hits. While empowered. the next Charged Melee Hit strikes all enemies within 7m with 50 - 100 SHOCK Damage.. At Max Level: The SHOCK  Damage now applies OVERLOADED dealing 125 - 375 SHOCK damage every 5s for 5s.,https://remnant.wiki/Shocker
h98e7b,Slayer,mutator,Reloading increases the damage of this weapon's next shot by 10% - 25%. Lasts 3s.. At Max Level: Increases Reload Speed by 15%.,https://remnant.wiki/Slayer
xim1sx,Sleeper,mutator,This weapon becomes EMPOWERED when stowed for 5 seconds  granting 25% Critical Chance for 5s - 10s  after it's drawn.. At Max Level: While EMPOWERED  increases Critical Damage of this weapon by 15%,https://remnant.wiki/Sleeper
5Brz87,Spellweaver,mutator,Increases this weapon's Mod Damage and Mod Generation by 10% - 15% for 10s when activating a Skill.. At Max Level: Activating this weapon's Mod reduces Skill Cooldowns by 1% for every 100 Mod Power spent.,https://remnant.wiki/Spellweaver
90i71b,Spirit Feeder,mutator,Reloading this weapon increases the damage of the Attached Mod by 10% - 30%. Lasts 7s.. At Max Level: Casting Attached Mod increases Reload Speed by 25%. Lasts 7s.,https://remnant.wiki/Spirit_Feeder
hk1k7k,Spirit Healer,mutator,Regenerate 2% Health over 10s for every 150 - 50 Mod Power spent.. At Max Level: Allies within 15m are healed for 50% of the primary effect.,https://remnant.wiki/Spirit_Healer
yibeww,Steadfast,mutator,Charged Melee Attacks cannot be interrupted and gain 5% - 10% Damage Reduction from all sources.. At Max Level: All Damage taken during a Charged Melee Attack is converted to Grey Health.,https://remnant.wiki/Steadfast
m87yf6,Stormbringer,mutator,Increases the Status Effect Damage applied by Melee Attacks by 25% - 50%.. At Max Level: Charged Melee Attacks lower enemy's Resistance to All Status damage by 10%. Lasts 10s.,https://remnant.wiki/Stormbringer
27rynt,Striker,mutator,Melee Hits increase Melee Damage by 3% - 6% for 5s. Max 5 Stacks.. At Max Level: Increases Movement Speed by 3% per stack.,https://remnant.wiki/Striker
omeu3c,Supercharger,mutator,Increases Charge Speed for Bows and Fusion Rifles by 10% - 30%.. At Max Level: Charged Primary Shots of Bows and Fusion Rifles gain 15% Critical Chance.,https://remnant.wiki/Supercharger
97fccn,Superheated,mutator,When this weapon is above 25% Heat  a 7.5m Pulse deals 150 Explosive Damage once every  5s - 3s.. At Max Level: At Max Heat  a 10m Pulse deals 300 Explosive Damage which applies BURNING to all entities for 100 FIRE damage over 20s. Can only happen once every 3s.,https://remnant.wiki/Superheated
f32skd,Tainted Blade,mutator,Increases Melee Damage by 5% - 8% per stack of CORRODED on the target. Max 5 stacks.. At Max Level: Charged Melee Attacks apply CORRODED  dealing 250 ACID Damage over 10s.,https://remnant.wiki/Tainted_Blade
r8jxFF,Thousand Cuts,mutator,Increases this weapon's Critical Chance and Critical Damage by 0.1% - 0.5% for each shot fired. Lasts 0.125s. Max 50 stacks.. At Max Level: Increases this weapon's Reload Speed by 1% per stack.,https://remnant.wiki/Thousand_Cuts
dynus4,Timewave,mutator,Increase this weapon's Ranged damage by 5% - 20% to enemies inflicted with SLOW status.. At Max Level: Mod Use applies SLOW status on all enemies within 10m for 5s. Can only happen once every 10s.,https://remnant.wiki/Timewave
fknx4t,Top Heavy,mutator,Increases this weapon's Ranged Damage by up to 7.5% - 15% based on how close the magazine capacity is to full.. At Max Level: Increases this weapon's Weakspot Damage by up to 20% based on how close the magazine capacity is to full.,https://remnant.wiki/Top_Heavy
0osd64,Transference,mutator,Melee Hits generate 5% of Max Ammo Capacity to the Reserves for both Firearms. Cooldown 10s- 5s.. At Max Level: After Ammo is Transferred  increase Reload Speed of this weapon by 50% for 5s.,https://remnant.wiki/Transference
1cxn5s,Transpose,mutator,Gaining Ammo increases Ranged Damage by 5% - 15% for 15s.. At Max Level: New Ammo gains are added directly to into this weapon's magazine.  Bows: New Ammo gains grants this weapon Infinite Reserves for 15s.,https://remnant.wiki/Transpose
7eodps,Twisting Wounds,mutator,Increases Ranged damage of this weapon by 1% - 10% to BLEEDING targets.. At Max Level: This weapon's Ranged Weakspot and Ranged Critical Hits apply BLEEDING  dealing 150 - 450 BLEED damage over 20s.,https://remnant.wiki/Twisting_Wounds
dhwqt4,Vampire Blade,mutator,Increases Melee Damage by 10% - 30% while within 10m of a BLEEDING entity.. At Max Level: Melee Hits vs BLEEDING targets will Lifesteal 3% of base damage dealt.,https://remnant.wiki/Vampire_Blade
8h8a9w,Vengeful Strike,mutator,Increases Melee damage by 25% - 50% when below 50% Max Health.. At Max Level: Increases Melee Critical Chance by 15% when below 50% Max Health.,https://remnant.wiki/Vengeful_Strike
qej6k5,Volatile Strike,mutator,Dealing Melee Damage creates a 3m blast which deals 50 - 150 Explosive Damage. Can only happen once every 1s.. At Max Level: When Volatile Strike triggers a blast  increases Movement Speed by 20% for 5s.,https://remnant.wiki/Volatile_Strike
w6gpz2,Weaponlord,mutator,Basic Melee Attacks increase the next Charge Attack by 7% - 15%. Max 3 stacks.. At Max Level: At Max Stacks  the next Charge Attack gains 100% Critical Chance.,https://remnant.wiki/Weaponlord
yro37y,Amplify,perk,Level 1: Increases Mod Damage by 5%.Increases with Archon Level.  Level 5: Increases Mod Damage by 25% and grants 10% Mod Critical Chance.Increases with Archon Level.  Level 10: Increases Mod Damage by 50% and grants 10% Mod Critical Chance.Increases with Archon Level.,https://remnant.wiki/Amplify
z2xo76,Backbone,perk,Level 3: Increases the hits Medic can take before losing Grey Health by 1.  Level 8: Increases the hits Medic can take before losing Grey Health by 2.,https://remnant.wiki/Backbone
bp9pr7,Benefactor,perk,Level 4: Increases Relic Use Speed by 20%.  Level 9: Increases Relic Use Speed by 20%. Relic Use gains -1 Stagger.,https://remnant.wiki/Benefactor
t2fc7j,Benevolence,perk,Level 2: Increases Relic Efficacy by 15% and heals nearby allies for 30% of the total healing value.  Level 7: Increases Relic Efficacy by 15% and heals nearby allies for 30% of the total healing value  increasing to 60% for any ally below 35% max health.,https://remnant.wiki/Benevolence
8vh7yq,Best Friend,perk,Level 4: Using a Relic fully restores the Companion's health.  Level 9: Using a Relic fully restores the Companion's health and grants them 25% Damage and 35% Damage Resistance for 15s.,https://remnant.wiki/Best_Friend
d58t4k,Bonded,perk,Base: When Handler is downed  Companion will attempt to revive them at 50% Max Health. Can be used to revive allies with Command. Downed ally must have a Relic charge.  Cooldown: 120s  Level 5: When Handler is downed  Companion will attempt to revive them at 50% Max Health. Can be used to revive allies with Command. Downed ally must have a Relic charge.  Cooldown: 105s  Level 10: When Handler is downed  Companion will attempt to revive them at 50% Max Health. Can be used to revive allies with Command. Downed ally must have a Relic charge.  Cooldown: 90s,https://remnant.wiki/Bonded
i9tjgk,Circumvent,perk,Level 3: Reduce Cost of Evade and Combat Slide by 10%.  Level 8: Reduce Cost of Evade and Combat Slide by 15% Perfect Dodges gain an additional 15% reduction.,https://remnant.wiki/Circumvent
f4jx9k,Close Quarters,perk,Level 1: Grants a 3.5% increase to All Damage to enemies within 10m. Damage bonus tapers off until 20m.Increases with Challenger Level.  Level 6: Grants a 21% increase to All Damage to enemies within 10m. Damage bonus tapers off until 20m. Critical Chance is increased by 5%.Damage increases with Challenger Level.  Level 10: Grants a 35% increase to All Damage to enemies within 10m. Damage bonus tapers off until 20m. Critical Chance is increased by 5%.,https://remnant.wiki/Close_Quarters
GV9bDr,Communion,perk,Level 2: Reduces Skill Cooldowns by 1% once every 3s for allies while an Invoker Skill is active.  Level 7: Reduces Skill Cooldowns by 1% and Heals 2% Max Health once every 3s for allies while an Invoker Skill is active.,https://remnant.wiki/Communion
odd85z,Contingency,perk,When the Warden's Health drops below 25%  gain a SHIELD for 25% of Max Health. Lasts 10s. Can only happen once every 30s.  While active  increases Movement Speed by 15%.,
qqhkw9,Dark Blood,perk,Level 3: Reduces damage received from Negative Status Effects by 25%.  Level 8: Reduces damage received from Negative Status Effects by 25%. Reduces Blight Buildup by 50%.,https://remnant.wiki/Dark_Blood
s8eytq,Dead to Rights,perk,Level 1: Dealing 65 Base Ranged or Melee Weakspot Damage extends the duration of active Hunter Skills by 2.5s. Can extend timer beyond its initial duration.  Level 5: Dealing 60 Base Ranged or Melee Weakspot Damage extends the duration of active Hunter Skills by 3s. Can extend timer beyond its initial duration.  Level 10: Dealing 55 Base Ranged or Melee Weakspot Damage extends the duration of active Hunter Skills by 3.5s. Can extend timer beyond its initial duration.,https://remnant.wiki/Dead_to_Rights
c4fx8u,Deadeye,perk,Level 1: Gain 4% Ranged Damage and 1.5% Weakspot Damage.Increases with Hunter Level.  Level 6: Gain 24% Ranged Damage and 9% Weakspot Damage and 5% Ranged Critical Chance.Damage increases with Hunter Level.  Level 10: Gain 40% Ranged Damage and 15% Weakspot Damage and 5% Ranged Critical Chance.,https://remnant.wiki/Deadeye
je27uv,Die Hard,perk,Base: When receiving fatal damage  the Challenger becomes invulnerable for 2s and regenerates 50% of Max Health.While on cooldown  the Challenger gains 1 Stack of BULWARK. Can only happen once every 10 minutes. Resets at Worldstone or on death.  Level 5: When receiving fatal damage  the Challenger becomes invulnerable for 2.5s and regenerates 75% of Max Health.While on cooldown  the Challenger gains 1 Stack of BULWARK. Can only happen once every 10 minutes. Resets at Worldstone or on death.  Level 10: When receiving fatal damage  the Challenger becomes invulnerable for 3s and regenerates 100% of Max Health.While on cooldown  the Challenger gains 1 Stack of BULWARK. Can only happen once every 10 minutes. Resets at Worldstone or on death.,https://remnant.wiki/Die_Hard
tu8pcp,Dominator,perk,Level 1: Grants a 3.5% increase to Mod  Skill  and Explosive Damage.Increases with Summoner Level.  Level 5: Grants a 17.5% increase to Mod  Skill  and Explosive Damage  and 5% Mod  Skill  and Explosive Critical Chance.Damage increases with Summoner Level.  Level 10: Grants a 35% increase to Mod  Skill  and Explosive Damage  and 5% Mod  Skill  and Explosive Critical Chance.,https://remnant.wiki/Dominator
no6oxo,Dynamic,perk,After 10s of not being damaged  the Warden generates a SHIELD for 20% of their Max Health over 2s.  Increases base N'Erudian Energy Reserves for Turret and Drone by 100%.,https://remnant.wiki/Dynamic
c6k3ke,Energize,perk,On Relic Use  grants a SHIELD for 25% of Max Health Cannot stack with itself. Lasts 10s or until SHIELD is removed by damage.  While active  actions which consume N'Erudian Energy have no cost.,
Y9Tj7F,Entranced,perk,Level 1: Increases Skill Damage by 3%  Elemental Damage by 1.5%.Increases with Invoker Level.  Level 6: Increases Skill Damage by 16%  Elemental Damage by 9%  and Skill and Elemental Critical Chance by 5%.Damage increases with Invoker Level.  Level 10: Increases Skill Damage by 30%  Elemental Damage by 15%  and Skill and Elemental Critical Chance by 5%.,https://remnant.wiki/Entranced
cxnnz9,Experimentalist,perk,Level 4: Using a Relic applies a random buff on the Alchemist for 30s. Cannot be overriden.  Level 9: Using a Relic applies a random buff on the Alchemist and all allies within 20m for 60s. Cannot be overriden.,https://remnant.wiki/Experimentalist
7dvm5a,Face of Danger,perk,Level 4: Using a Relic within 10m of an enemy grants 2 stacks of BULWARK for 10s.  Level 9: Using a Relic within 10m of an enemy grants 2 stacks of BULWARK and 10% Increased Damage for 10s.,https://remnant.wiki/Face_of_Danger
1yfbk0,Galvanize,perk,Increases All Damage by 25% and grants 5% Critical Chance.  Damage increases with Warden Level.,
3a9dd2,Gold to Lead,perk,Level 3: Picking up Scrap has a 15% chance to also award Ammo to the Alchemist.  Level 8: Picking up Scrap or Metals has a 15% chance to award Ammo to the Alchemist.,https://remnant.wiki/Gold_To_Lead
htf7h4,Heavy Mobility,perk,Level 3: Movement Speed while Carrying a Heavy Weapon is increased by 35%.  Level 8: While Carrying a Heavy Weapon  Movement Speed is increased by 35%  and both Evade Speed and Evade Distance are increased by 25%.,https://remnant.wiki/Heavy_Mobility
98qnpc,High Tech,perk,Base: Holding the SKILL button will Overclock a Carried or Deployed Heavy Weapon. Overclocking grants Infinite Ammo  Increased Fire Rate  and a 25% Damage increase for 15s.  Cooldown: 60s  Level 5: Holding the SKILL button will Overclock a Carried or Deployed Heavy Weapon. Overclocking grants Infinite Ammo  Increased Fire Rate  and a 25% Damage increase for 20s.  Cooldown: 60s  Level 10: Holding the SKILL button will Overclock a Carried or Deployed Heavy Weapon. Overclocking grants Infinite Ammo  Increased Fire Rate  and a 25% Damage increase for 25s.  Cooldown: 60s,https://remnant.wiki/High_Tech
d82mwz,Incite,perk,Level 4: Using a Relic grants Minions 5% Max HP per second  and increases their damage dealt by 15%. Lasts 30s.  Level 9: Using a Relic grants Minions 5% Max HP per second  and increases their damage dealt by 15% and Crit Chance by 15%. Lasts 30s.,https://remnant.wiki/Incite
c92847,Intimidating Presence,perk,Level 2: After activating a Challenger Skill  enemies within 15m deal 10% less damage for 15s.  Level 7: After activating a Challenger Skill  enemies within 15m deal 10% less damage for 15s  with an additional 2.5% damage reduction per enemy affected. (Max 10%).,https://remnant.wiki/Intimidating_Presence
8d4diq,Intuition,perk,Level 4: Using a Relic extends the duration of any active Hunter Skill by 5s. Effect degrades with each subsequent use.  Level 9: Using a Relic extends the duration of any active Hunter Skill by 10s. Effect degrades with each subsequent use. Weakspot kills against MARKED enemies increase speed of next relic use within 15s by 5%. Stacks 10x.,https://remnant.wiki/Intuition
errks7,Invigorated,perk,Base: Grants a 2.5% increase to All Damage.Increases with Medic Level.  Level 6: Grants a 15% increase to All Damage and 5% Critical Chance.Damage increases with Medic Level.  Level 10: Grants a 25% increase to All Damage and 5% Critical Chance.,https://remnant.wiki/Invigorated
5exhee,Liquid Courage,perk,Level 1: Grant a 2.5% increase to All Damage.Increases with Alchemist Level.  Level 6: Grant a 15% increase to All Damage and 5% Critical Chance.Damage increasees with Alchemist Level.  Level 10: Grant a 25% increase to All Damage and 5% Critical Chance.,https://remnant.wiki/Liquid_Courage
m6pvhd,Loaded,perk,Base: When activating any Gunslinger Skill  both weapons are instantly reloaded  and gain infinite reserve ammo on all weapons for 5s .[sic]  Level 5: When activating any Gunslinger Skill  both weapons are instantly reloaded  and gain infinite reserve ammo on all weapons for 6.5s .[sic]  Level 10: When activating any Gunslinger Skill  both weapons are instantly reloaded  and gain infinite reserve ammo on all weapons for 8s .[sic],https://remnant.wiki/Loaded
d5qedi,Loophole,perk,Level 2: All ally Ranged and Melee damage against enemies distracted by the Invader's Decoy grants 5% base damage as Lifesteal.  Level 7: All ally Ranged and Melee damage against enemies distracted by the Invader's Decoy grants 7.5% base damage as Lifesteal.,https://remnant.wiki/Loophole
82y94m,Lucky,perk,Base: Grants a 10% chance to spawn additional items and rarer drops when defeating stronger enemies.  Level 5: Grants a 20% chance to spawn additional items and rarer drops when defeating stronger enemies.  Level 10: Grants a 35% chance to spawn additional items and rarer drops when defeating stronger enemies.,https://remnant.wiki/Lucky
w6v2o6,Magnetic Field,perk,Level 2: Heavy Weapons grant 15% Damage Reduction to all allies within 2.5m.  Level 7: Heavy Weapons grant 15% Damage Reduction and gradually restore Ammo to all allies within 2.5m.,https://remnant.wiki/Magnetic_Field
w838yg,Metal Detector,perk,Level 2: Increase Ammo  Currency  and Metal Drop Rate Chance for entire party by 10%.  Level 7: Increase Ammo  Currency  and Metal Drop Rate Chance for entire party by 10% and increases the chance of Consumables being rewarded from Chests.,https://remnant.wiki/Metal_Detector
2hcif5,Metalworker,perk,Level 1: Increases Skill Damage by 5% and Ranged Damage by 2.5%.Heavy Weapons gain 5% Ammo Capacity and 2.5% Max Health.  Level 6: Increases Skill Damage by 25% and Ranged Damage by 12.5%  and grants 5% Skill and Ranged Critical Chance.Heavy Weapons gain 25% Ammo Capacity  12.5% Max Health  and 25% Weakspot Damage.  Level 10: Increases Skill Damage by 50% and Ranged Damage by 25%  and grants 5% Skill and Ranged Critical Chance.Heavy Weapons gain 50% Ammo Capacity  25% Max Health  and 25% Weakspot Damage.,https://remnant.wiki/Metalworker
T2U4dZ,Mind and Body,perk,Level 3: Increases Movement Speed by 5% while an Invoker Skill is active.  Level 8: Increases Movement Speed by 5% and Damage Reduction by 5% while an Invoker Skill is active.,https://remnant.wiki/Mind_and_Body
t8bb9k,Outrage,perk,Level 3: Sacrifice grants 3% Lifesteal for each Minion Sacrificed. Lasts 10s.  Level 8: Sacrifice grants 3% Lifesteal for each Minion Sacrificed  and increases Movement Speed by 15%. Lasts 10s.,https://remnant.wiki/Outrage
decoy8,Override,perk,Level 4: Using a Relic reduces Threat Generation by 25% for 10s. While Override is active  the next Evade leaves an Empowered Decoy which lasts 4s.  Level 9: Using a Relic reduces Threat Generation by 25% for 10s. While Override is active  the next Evade leaves an Empowered Decoy which lasts 5.5s.,https://remnant.wiki/Override
485uc9,Pack Hunter,perk,Level 1: Gain 3% Ranged  Melee  and Skill Damage while Companion is active and within 40m of the Handler.Increases with Handler Level.  Level 6: Gain 18% Ranged  Melee  and Skill Damage and 5% Ranged  Melee  and Skill Critical Chance while Companion is active and within 40m of the Handler.Damage increases with Handler Level.  Level 10: Gain 30% Ranged  Melee  and Skill Damage and 5% Ranged  Melee  and Skill Critical Chance while Companion is active and within 40m of the Handler.,https://remnant.wiki/Pack_Hunter
49i5jm,Panacea,perk,Level 2: Curative effects apply to all allies within 15m  and grant 15 additional Resistance.  Level 7: Curative effects apply to all allies within 15m  and grant 15 additional Resistance. Allies affected by Panacea gain 10 Status and Blight Resistance.,https://remnant.wiki/Panacea
ajobx6,Posse Up,perk,Level 2: Ammo pickups award 20% additional Ammo per player with the bonus split equally among teammates.  Level 7: Ammo pickups award 30% additional Ammo per player with the bonus split equally among teammates. Causes Ammo Box to drop additional ammo on the ground.,https://remnant.wiki/Posse_Up
7ay3kh,Power Creep,perk,Level 1: After casting a Mod  10% of the Mod Power spent will be regenerated by all allies over 10s.  Level 7: After casting a Mod  10% of the Mod Power spent will be regenerated by all allies over 10s. While Power Creep is active  allies will also gain 10% Mod Power Generation.,https://remnant.wiki/Power_Creep
h42e2n,Power Leak,perk,Level 4: Using a Relic grants 100 Mod Power for both equipped Mods.  Level 9: Using a Relic grants 100 Mod Power for both equipped Mods  and an additional 100 to current Mod.,https://remnant.wiki/Power_Leak
8p55rw,Powerlifter,perk,Level 3: The Stamina Cost increase for each weight bracket is reduced by 50%.  Level 8: Both the Stamina cost increase for each weight bracket and Stamina Regen Delay are reduced by 50%.,https://remnant.wiki/Powerlifter
o5q3p9,Prospector,perk,Level 3: Relic Fragments discovered by the Explorer drop at a higher quality.  Level 8: Relic Fragments discovered by the Explorer drop at a higher quality. When picking up a Fragment  the Explorer has a 5% chance of picking up a second one of the same type & quality.,https://remnant.wiki/Prospector
tr5r38,Purge,perk,Level 4: On Relic Use  cleanses all Negative Status Effects.  Level 9: On Relic Use  cleanses all Negative Status Effects. Negative Status Effects cleansed by Purge are applied to all enemies within 7.5m.,https://remnant.wiki/Purge
496x8y,Quick Hands,perk,Level 3: Firearms gain 10% Reload Speed.  Level 8: Firearms gain 10% Reload Speed. Bonus is DOUBLED if magazine is empty.,https://remnant.wiki/Quick_Hands
io3m7t,Regenerator,perk,Base: After restoring 350 Total Health to allies  regain a spent Relic charge.Resting or Respawning at a Worldstone resets healing accumulation. Each additional player increases the healing requirement by 50%.  Level 5: After restoring 300 Total Health to allies  regain a spent Relic charge.Resting or Respawning at a Worldstone resets healing accumulation. Each additional player increases the healing requirement by 50%.  Level 10: After restoring 250 Total Health to allies  regain a spent Relic charge.Resting or Respawning at a Worldstone resets healing accumulation. Each additional player increases the healing requirement by 50%.,https://remnant.wiki/Regenerator
fzywc2,Residue,perk,Level 2: Minions that expire leave a 3m Aura which heals 2.5% Health per second. Lasts 10s.  Level 7: Minions that expire leave a 3m Aura which heals 2.5% Health per second and increases Healing by 20%. Lasts 10s.,https://remnant.wiki/Residue
oyjp3t,Return to Sender,perk,Level 2: Kills due to Weakspot and Critical Hits increase Ammo drops by 25%.  Level 7: Kills due to Weakspot and Critical Hits increase Ammo drops by 50% and double the chance of Ammo drops.,https://remnant.wiki/Return_to_Sender
tmc2tk,Ruthless,perk,Base: When the Summoner deals damage to their Minion  it causes them to ENRAGE. While ENRAGED  Minions gain 10% Attack Speed along with 30% increased Damage and Movement Speed. Lasts 20s.  Level 5: When the Summoner deals damage to their Minion  it causes them to ENRAGE. While ENRAGED  Minions gain 15% Attack Speed along with 40% increased Damage and Movement Speed. Lasts 30s.  Level 10: When the Summoner deals damage to their Minion  it causes them to ENRAGE. While ENRAGED  Minions gain 20% Attack Speed along with 50% increased Damage and Movement Speed. Lasts 40s.,https://remnant.wiki/Ruthless
59swqq,S.H.A.R.K.,perk,Base: Sprinting for 1s or Evading adds 1 Stack of Momentum which increases Ranged and Melee damage by 0.7% for 10s. Max 5 Stacks.Perfect Dodges instantly add 5 Stacks.Damage increases with Invader level.  Level 6: Sprinting for 1s or Evading adds 1 Stack of Momentum which increases Ranged and Melee damage by 3.5% and Ranged and Melee Critical Chance by 1% for 10s. Max 5 Stacks.Perfect Dodges instantly add 5 Stacks.Damage increases with Invader level.  Level 10: Sprinting for 1s or Evading adds 1 Stack of Momentum which increases Ranged and Melee damage by 7% and Ranged and Melee Critical Chance by 1% for 10s. Max 5 Stacks.Perfect Dodges instantly add 5 Stacks.Damage increases with Invader level.,https://remnant.wiki/S.H.A.R.K.
w3gyt0,Safeguard,perk,The Warden's Drone grants 1 stack of BULWARK and increases incoming Healing Effectiveness by 10% to its Warded Target ,
y6x5dr,Scavenger,perk,Level 1: Pickups increase All Damage dealt by 0.5% per stack for 20s. Additional Stacks increase Duration up to 60s. Max 5 stacks.Effect increase with Explorer level.  Level 6: Pickups increase All Damage dealt by 3% per stack for 20s and All Crit Chance by 5%. Additional Stacks increase Duration up to 60s. Max 5 stacks.Damage increases with Explorer level.  Level 10: Pickups increase All Damage dealt by 5% per stack for 20s and All Crit Chance by 5%. Additional Stacks increase Duration up to 60s. Max 5 stacks.,https://remnant.wiki/Scavenger
rvb63g,Self Discovery,perk,Level 4: Using a Relic instantly fills Scavenger Stacks and prevents Stack Decay for 15s.  Level 9: Using a Relic instantly fills Scavenger Stacks  grants +1 Stack  and prevents Stack Decay for 30s.,https://remnant.wiki/Self_Discovery
yg77rq,Shadow,perk,Base: Casting an Invader Skill leaves a Decoy for 3s which draws enemy fire. Deal 5% additional damage to enemies not targeting Invader.  Level 5: Casting an Invader Skill leaves a Decoy for 3s which draws enemy fire. Deal 10% additional damage to enemies not targeting Invader.  Level 10: Casting an Invader Skill leaves a Decoy for 3s which draws enemy fire. Deal 15% additional damage to enemies not targeting Invader.,https://remnant.wiki/Shadow
fspt8u,Sleight of Hand,perk,Level 4: Using a Relic reloads equipped Firearm.  Level 9: Using a Relic reloads equipped Firearm and increases Ranged Damage by 15% for 10s.,https://remnant.wiki/Sleight_of_Hand
j7e5Bb,Soothsayer,perk,Level 4: On Relic use  extend the duration of active Invoker skills by 20% of the base duration. Cannot exceed base duration.  Level 9: On Relic use  extend the duration of active Invoker skills by 20% of the base duration. Cannot exceed base duration.Relic Use Speed increased by 25% while an Invoker Skill is active.,https://remnant.wiki/Soothsayer
5fz7xr,Spirit Within,perk,Level 3: Reduces Mod Power requirement per charge by 5%  Level 8: Reduces Mod Power requirement per charge by 10%.,https://remnant.wiki/Spirit_Within
z3sz58,Spirit of the Wolf,perk,Level 2: Increases Movement Speed by 10%. All allies within 10m of the Handler gain the Handler's Movement Speed (if faster).  Level 7: Increases Movement Speed by 10%. All allies within 10m of the Handler gain the Handler's Movement Speed (if faster). Reduces the Stamina Cost of actions for allies by 15%.,https://remnant.wiki/Spirit_of_the_Wolf
rx6e2w,Spirited,perk,Base: Alchemist can have 1 additional Concoction buff active.  Level 5: Alchemist can have 2 additional Concoction buffs active.  Level 10: Alchemist can have 3 additional Concoction buffs active.,https://remnant.wiki/Spirited
2k4yzk,Surplus,perk,Level 4: Using a Relic refills 15% of Heavy Weapon Ammo. Bonus is doubled when Heavy Weapon is stowed.  Level 9: Using a Relic refills 15% of Heavy Weapon ammo. Bonus is doubled when Heavy Weapon is stowed. If the Stowed Heavy Weapon is overfilled  the Engineer will drop additional Ammo based on the surplus.,https://remnant.wiki/Surplus
7mbvc3,Swift Shot,perk,Level 1: Gain 1.5% Fire Rate and 2.5% Ranged Damage.Increases with Gunslinger Level.  Level 6: Gain 9% Fire Rate  15% Ranged Damage  and 5% Crit Chance for all firearms.Fire Rate and Damage increases with Gunslinger Level.  Level 10: Gain 15% Fire Rate  25% Ranged Damage  and 5% Crit Chance for all firearms.,https://remnant.wiki/Swift_Shot
y36q6p,Teamwork,perk,Level 3: Handler and Companion gain 15% increased Revive Speed.  Level 8: Handler and Companion gain 15% increased Revive Speed. While Handler or Companion are reviving  they receive 50% less damage.,https://remnant.wiki/Teamwork
dh2wih,Tempest,perk,Base: Automatically generate 5 Mod Power per second. Casting a Mod doubles this value for 10s.  Level 5: Automatically generate 10 Mod Power per second. Casting a Mod doubles this value for 10s.  Level 10: Automatically generate 15 Mod Power per second. Casting a Mod doubles this value for 10s.,https://remnant.wiki/Tempest
h3ag53,Terrify,perk,Level 2: Killing an entity applies TERRIFIED to all enemies within 5m of killed entity for 20s.TERRIFIED: Victim deals 5% less damage.  Level 7: Killing an entity applies TERRIFIED to all enemies within 5m of killed entity for 20s. TERRIFIED enemies are more likely to drop additional Ammo on death.TERRIFIED: Victim deals 5% less damage.,https://remnant.wiki/Terrify
98yqyq,Urgency,perk,Level 3: Kills increase Reload Speed by 15%. Lasts 3s.  Level 8: Kills increase Reload Speed by 15% and Movement Speed by 15%. Lasts 5s.,https://remnant.wiki/Urgency
qewh6t,Vile,perk,Base: Negative Status Effects applied by Ritualist inflict INFECTED.INFECTED: Victim receives 5% more Status Effect damage. On death  spreads all statuses to nearby enemies within 5m.  Level 5: Negative Status Effects applied by Ritualist inflict INFECTED.INFECTED: Victim receives 10% more Status Effect damage. On death  spreads all statuses to nearby enemies within 10m.  Level 10: Negative Status Effects applied by Ritualist inflict INFECTED.INFECTED: Victim receives 15% more Status Effect damage. On death  spreads all statuses to nearby enemies within 15m.,https://remnant.wiki/Vile
hYsQ4M,Visionary,perk,Base: Doubles Base Skill Charges for all Archetypes. Skill activation reduces all Skill Cooldowns by 3%.For Heavy Weapons  doubles Heavy Base Ammo instead.  Level 5: Doubles Base Skill Charges for all Archetypes. Skill activation reduces all Skill Cooldowns by 6%.For Heavy Weapons  doubles Heavy Base Ammo instead.  Level 10: Doubles Base Skill Charges for all Archetypes. Skill activation reduces all Skill Cooldowns by 10%.For Heavy Weapons  doubles Heavy Base Ammo instead.,https://remnant.wiki/Visionary
6wc56t,Wrath,perk,Level 1: Increases all damage to enemies affected by a Negative Status Effect by 2.5%.Increases with Ritualist Level.  Level 6: Increases all damage to enemies affected by a Negative Status Effect by 15%. Increases all Critical Chance against enemies affected by a Negative Status Effect by 5%.Damage increases with Ritualist Level.  Level 10: Increases all damage to enemies affected by a Negative Status Effect by 25%. Increases all Critical Chance against enemies affected by a Negative Status Effect by 5%.,https://remnant.wiki/Wrath
zn2x47,Prism of Greed,prism,,https://remnant.wiki/Prism
t15adx,Prism of Hatred,prism,,https://remnant.wiki/Prism
ked8b3,Prism of Jealousy,prism,,https://remnant.wiki/Prism
0nbaj2,Prism of Lethargy,prism,,https://remnant.wiki/Prism
j2uus8,Prism of Passion,prism,,https://remnant.wiki/Prism
03034f,Prism of Pride,prism,,https://remnant.wiki/Prism
16tce1,Prism of Voracity,prism,,https://remnant.wiki/Prism
92Ros5,Accelerator,pylon,Increases melee speed by 7.5% -> 37.5%,https://remnant.wiki/Boss_rush
iuLVM7,Charger,pylon,Increases mod buildup by 20% -> 100%,https://remnant.wiki/Boss_rush
2GyUmM,Chopper,pylon,Increases all melee damage by 15% -> 75%,https://remnant.wiki/Boss_rush
D04fKt,Detonate,pylon,Buildup  then release a shockwave when taking direct damage,https://remnant.wiki/Boss_rush
5KmdJi,Explosive,pylon,Enemies explode on death,https://remnant.wiki/Boss_rush
wtc7JH,Frantic,pylon,Reduces skill cooldown by -10% -> -50%,https://remnant.wiki/Boss_rush
kO0r7o,Hardened,pylon,Increases damage reduction by 5% -> 25%,https://remnant.wiki/Boss_rush
Rv407e,Healer,pylon,Increases healing effectiveness by 10% -> 50%,https://remnant.wiki/Boss_rush
n2ooKj,Healing Orbs,pylon,Chance to spawn healing orbs on kill,https://remnant.wiki/Boss_rush
9dgyUD,Hexer,pylon,Fire homing projectiles when taking Direct damage,https://remnant.wiki/Boss_rush
VLw3Bt,Intensity,pylon,Increases status damage by 10% -> 50%,https://remnant.wiki/Boss_rush
tQ82Lm,Magnify,pylon,Increases Critical Hit Damage by 10% -> 50%,https://remnant.wiki/Boss_rush
5e2NTe,Magus,pylon,Increases mod damage by 10% -> 50%,https://remnant.wiki/Boss_rush
M8RcjQ,Nimble Hands,pylon,Increases reload speed by 20% -> 100%,https://remnant.wiki/Boss_rush
kZ0vG7,Precision,pylon,Increases weakspot damage by 10% -> 50%,https://remnant.wiki/Boss_rush
F5FId6,Ranger,pylon,Increases all ranged damage by 10% -> 50%,https://remnant.wiki/Boss_rush
PVXD5h,Renewal,pylon,Increases health regeneration by 0.4% -> 2%,https://remnant.wiki/Boss_rush
6qLosL,Reserve,pylon,Increases ammo reserves by 30% -> 150%,https://remnant.wiki/Boss_rush
RYWP5h,Shocking,pylon,Create lightning strikes on successful charged melee,https://remnant.wiki/Boss_rush
J9Fg4X,Spinner,pylon,Gain Spinning Orbs to Damage enemies on contact,https://remnant.wiki/Boss_rush
9Q0Cpt,Stamina,pylon,Increases maximum stamina by 10 -> 50,https://remnant.wiki/Boss_rush
MmH8iM,Staves,pylon,Chance to summon a root staff on kill,https://remnant.wiki/Boss_rush
901wcX,Technique,pylon,Increases skill damage by 10% -> 50%,https://remnant.wiki/Boss_rush
3Umm36,Trapper,pylon,Chance to drop glitch puddles on hit,https://remnant.wiki/Boss_rush
Ka0EgY,Trigger Finger,pylon,Increases fire rate by 7.5% -> 37.5%,https://remnant.wiki/Boss_rush
dRhU3j,Velocity,pylon,Increases movement speed by 10% -> 50%,https://remnant.wiki/Boss_rush
A9dgyw,Vigor,pylon,Increases maximum health by 10 -> 50,https://remnant.wiki/Boss_rush
6yhiBu,Volatile,pylon,Increases explosive damage by 10% -> 50%,https://remnant.wiki/Boss_rush
w1eARX,Vortex,pylon,Chance to spawn a black hole on hit,https://remnant.wiki/Boss_rush
LQho3X,Bloodless Heart,relic,Innate 50% Use Speed bonus. On use  grants a SHIELD that prevents nearly all damage for 3s.  Cannot prevent certain death mechanics.,https://remnant.wiki/Bloodless_Heart
soyjpp,Blooming Heart,relic,On use  heals for 35% of Max Health over 5s. Spawns 3 Healing Orbs which grant 35% of caster's Max Health over 5s. Orbs last 20s. Recasting removes previous Orbs.,https://remnant.wiki/Blooming_Heart
m71h9m,Broken Heart,relic,Innate 50% Use Speed Bonus. Passively grants or removes 2 Health per sec until Health reaches 50%. On use  sets Health to 50%.  Not affected by other healing items or perks.,https://remnant.wiki/Broken_Heart
rlezcg,Constrained Heart,relic,On use  regenerates 20 Health per second for 5s and grants 2 Stacks of BULWARK while heal is active.,https://remnant.wiki/Constrained_Heart
67tfbl,Crystal Heart,relic,On use  regenerates 100% of Max Health over 10s. Movement Speed is reduced by 50%  and incoming damage is reduced by 25%. Lasts 10s.,https://remnant.wiki/Crystal_Heart
vhjydw,Decayed Heart,relic,On use  causes the next 3 instances of enemy damage taken to trigger 40 Health regeneration over 3s. Lasts 30s.,https://remnant.wiki/Decayed_Heart
96f26y,Diverting Heart,relic,Does not provide standard healing. On use  reduces Skill Cooldowns by 1s per second. Lasts 15s.,https://remnant.wiki/Diverting_Heart
f96bom,Dragon Heart,relic,On use  Heals 70 Health over 0.5s.,https://remnant.wiki/Dragon_Heart
4y2xb3,Enlarged Heart,relic,Innate Double Use Speed. On use  heals 140 Health over 0.5s. Relic capacity is halved.,https://remnant.wiki/Enlarged_Heart
4yjd4c,Gossamer Heart,relic,Innate base Evade Window Frames increased by 1. On use  increases Evade Window Bonus Frames by an additional 2 for 15s.,https://remnant.wiki/Gossamer_Heart
x66ure,Latent Heart,relic,On use  absorbs 95% incoming damage for 5s. Upon expiring  the absorbed damage is then applied to the wearer at a rate of 10% of the total absorbed damage per second for 10s.  Damage reduction does not apply to SHIELD.,https://remnant.wiki/Latent_Heart
k1de0f,Lifeless Heart,relic,Innate 50% Use Speed Bonus  but provides no healing. Relic capacity is doubled.,https://remnant.wiki/Lifeless_Heart
n9fm2r,Paper Heart,relic,On use  heals 100% Max Health and grants 10 Stacks of PAPER HEALTH. After 10s  each Stack is converted to 10% Grey Health.  Dealing 75 Base Damage from any source removes 1 Stack of PAPER HEALTH.,https://remnant.wiki/Paper_Heart
4v7sf4,Profane Heart,relic,Innate 3% Lifesteal bonus. On use  increases all Lifesteal Efficacy by 50% for 15s.,https://remnant.wiki/Profane_Heart
xfwkzp,Pulsing Heart,relic,On use  pulses every 3s  healing allies within 7m for 20 Health over 0.5s per pulse. Lasts 15s.,https://remnant.wiki/Pulsing_Heart
4v7sf3,Quilted Heart,relic,Does not provide standard healing. On use  negates Stamina Drain and cause Evades to heal for 15 Health over 0.25s. Lasts 20s.,https://remnant.wiki/Quilted_Heart
06pxhy,Reprocessed Heart,relic,On use  converts 5 Health as Grey Health to 40 Mod Power per second for 25s for both weapons. Cannot die from conversion.,https://remnant.wiki/Reprocessed_Heart
6ruk95,Resonating Heart,relic,On use  regenerates 50% of Max Health over 5s. When heal ends  any overhealed Health to self is Doubled and awarded over the next 20s.,https://remnant.wiki/Resonating_Heart
5azu1p,Ripened Heart,relic,On use  heals 35 Health over 0.5s and an additional 70 over 5s.,https://remnant.wiki/Ripened_Heart
yb7v4c,Runed Heart,relic,On use  increases Health Regeneration by 5 and generates 500 Mod Power over 10s for both weapons.,https://remnant.wiki/Runed_Heart
2rnl2d,Salvaged Heart,relic,Innate 25% Use Speed bonus. On use  heals 30 Health over 0.25s and restores 300% of current Grey Health.,https://remnant.wiki/Salvaged_Heart
sge99k,Shielded Heart,relic,On use  grants a SHIELD for 100% of Max Health. Lasts 20s or until SHIELD is removed by damage.,https://remnant.wiki/Shielded_Heart
3awf5n,Siphon Heart,relic,On use  grants 10% of base damage dealt as Lifesteal for 15s.,https://remnant.wiki/Siphon_Heart
rtmajx,Tormented Heart,relic,Innate 25% Relic Use Speed bonus. On use  deals 150 - 450 Explosive Damage to enemies within 5m and Lifesteals 20% of damage dealt.,https://remnant.wiki/Tormented_Heart
thgp2z,Tranquil Heart,relic,Passively grants 2 Health Regeneration per second. On use  doubles All Health Regeneration for 15s.,https://remnant.wiki/Tranquil_Heart
pj4ika,Unsullied Heart,relic,On use  heals for 100% of Current Health over 0.5s.,https://remnant.wiki/Unsullied_Heart
weaetb,Void Heart,relic,On use  reduces incoming damage by 50% for 4s. When buff ends  heals 100% of missing Health over 0.75s.,https://remnant.wiki/Void_Heart
8vcd8r,Allegiance,relicfragment,Cannot Kill or Be Killed by Friendly Fire Damage.,https://remnant.wiki/Allegiance
4d6v1v,Altruistic,relicfragment,Lifesteal applies 50% of Stolen Health to Allies. ,https://remnant.wiki/Altruistic
3aqiq5,Ammo Reserves,relicfragment,Increases Ammo Reserves by 25%. ,https://remnant.wiki/Relic_Fragment
7u1bma,Armor Bonus,relicfragment,Increases Armor Effectiveness by 10%. ,https://remnant.wiki/Relic_Fragment
1n8874,Artful Dodger,relicfragment,All Dodges trigger Perfect Dodge Mechanics. Cooldown of 3 seconds.,https://remnant.wiki/Artful_Dodger
h6sk9p,Base Armor,relicfragment,Increases Armor by 15.,https://remnant.wiki/Relic_Fragment
6qz6t1,Base Health,relicfragment,Increases Health by 10.,https://remnant.wiki/Relic_Fragment
4gbcn0,Base Stamina,relicfragment,Increases Stamina by 15.,https://remnant.wiki/Relic_Fragment
1d6g98,Bodyguard,relicfragment,Cannot be One-Shot while at Max Health Capacity.,https://remnant.wiki/Bodyguard
6myusj,Boundless Energy,relicfragment,Grants Infinite N'Erudian Energy.,https://remnant.wiki/Boundless_Energy
s6fkpj,Brutality,relicfragment,All Damage Dealt and Received is increased by 100%.,https://remnant.wiki/Brutality
51y6ih,Cast Speed,relicfragment,Increases Mod & Skill Cast Speed by 20%.,https://remnant.wiki/Relic_Fragment
xqklut,Consumable Duration,relicfragment,Increases Consumable Duration by 20%.,https://remnant.wiki/Relic_Fragment
0qxyqo,Critical Damage,relicfragment,Increases Critical Damage by 10%.,https://remnant.wiki/Relic_Fragment
p66eoa,Critical Situation,relicfragment,Grants 35% All Critical Chance within LIGHT Weight Class.,https://remnant.wiki/Critical_Situation
1pddio,Damage Reduction,relicfragment,Increases Damage Reduction by 5%.,https://remnant.wiki/Relic_Fragment
w26htj,Dark Omen,relicfragment,Dodges become Mist Step  costing Health instead of Stamina.,https://remnant.wiki/Dark_Omen
y7d3aq,Defense Measures,relicfragment,Increases SHIELD Maximum by 100%.,https://remnant.wiki/Defense_Measures
qmc3th,Evade Distance,relicfragment,Increases Evade Distance by 10%.,https://remnant.wiki/Relic_Fragment
kp0rff,Evade Speed,relicfragment,Increases Evade Speed by 10%.,https://remnant.wiki/Relic_Fragment
z2gbi3,Exhausted,relicfragment,Increases Heat Decay Rate by 250%.,https://remnant.wiki/Exhausted
73x1rg,Explosive Damage,relicfragment,Increases Explosive Damage by 10%.,https://remnant.wiki/Relic_Fragment
6tby7d,Firearm Charge Time,relicfragment,Decreases Ranged Weapon Charge Time by 10%.,https://remnant.wiki/Relic_Fragment
h9e463,Firearm Swap Speed,relicfragment,Increases Firearm Swap Speed by 20%.,https://remnant.wiki/Relic_Fragment
ky7tqc,Fleet Footed,relicfragment,Increases Dodge Weight Threshold by 100.,https://remnant.wiki/Fleet_Footed
kteco4,Full Hearted,relicfragment,Increases Relic Charges by 100%.,https://remnant.wiki/Full_Hearted
ign3v0,Gigantic,relicfragment,Grants 50 Health and Stamina.,https://remnant.wiki/Gigantic
o8of2m,God Tear,relicfragment,Reduces Cheat Death Cooldowns by 50%.,https://remnant.wiki/God_Tear
aci99s,Grey Health Conversion,relicfragment,Increases Grey Health Conversion Rate by 15%.,https://remnant.wiki/Relic_Fragment
y52c32,Healing Effectiveness,relicfragment,Increases Healing Effectiveness by 15%.,https://remnant.wiki/Relic_Fragment
j87rzn,Health Bonus,relicfragment,Increases Health by 10%.,https://remnant.wiki/Relic_Fragment
bzxa98,Health Regeneration,relicfragment,Increases Passive Health Regeneration by 1 HP/s. ,https://remnant.wiki/Relic_Fragment
3ngjzr,Heat Generation,relicfragment,Reduces Heat Generation by 15%.,https://remnant.wiki/Relic_Fragment
fant12,Heavy Drinker,relicfragment,Increases Concoction Limit by 5.,https://remnant.wiki/Heavy_Drinker
g1iifk,Hyperactive,relicfragment,Increases HASTE Effectiveness by 100%.,https://remnant.wiki/Hyperactive
fieh22,Immovable,relicfragment,Cannot be Staggered while BULWARK is active.,https://remnant.wiki/Immovable
1mb66f,Impervious,relicfragment,Reduces All Incoming Damage by 30%.,https://remnant.wiki/Impervious
503nnp,Insult to Injury,relicfragment,Applying any Negative Status Effect applies EXPOSED.,https://remnant.wiki/Insult_to_Injury
tfmy98,Jack of All Trades,relicfragment,Increases All Damage by 40%.,https://remnant.wiki/Jack_of_All_Trades
vma9nj,Luck of the Devil,relicfragment,Gain EXTREME luck.,https://remnant.wiki/Luck_of_the_Devil
b3jspj,Master Killer,relicfragment,Multiplies Weakspot Damage by 1.35x.,https://remnant.wiki/Master_Killer
m16fn9,Melee Critical Chance,relicfragment,Increases Melee Critical Chance by 7.5%.,https://remnant.wiki/Relic_Fragment
yu7d57,Melee Damage,relicfragment,Increases Melee Damage by 10%.,https://remnant.wiki/Relic_Fragment
t8jgpe,Melee Speed,relicfragment,Increases Total Melee Attack Speed by 10%.,https://remnant.wiki/Relic_Fragment
iyp5r3,Mod Critical Chance,relicfragment,Increases Mod Critical Chance by 7.5%.,https://remnant.wiki/Relic_Fragment
zkr2us,Mod Damage,relicfragment,Increases Mod Damage by 10%.,https://remnant.wiki/Relic_Fragment
c2t1p6,Mod Duration,relicfragment,Increases Mod Duration by 15%.,https://remnant.wiki/Relic_Fragment
pk57hf,Mod Generation,relicfragment,Increases Mod Generation by 10%.,https://remnant.wiki/Relic_Fragment
c0hy5s,Movement Speed,relicfragment,Increases Movement Speed by 10%.,https://remnant.wiki/Relic_Fragment
jf6i48,Outlaw,relicfragment,Reloading Reloads both Weapons.,https://remnant.wiki/Outlaw
s6n7x3,Overpowered,relicfragment,Increases Mod Generation by 50%.,https://remnant.wiki/Overpowered
34g3gm,Peak Conditioning,relicfragment,Grants Infinite Stamina.,https://remnant.wiki/Peak_Conditioning
qn0gc0,Physician,relicfragment,Increases Healing Effectiveness by 100%.,https://remnant.wiki/Physician
udn5v4,Power Fantasy,relicfragment,Increases Explosive Critical Chance and Critical Damage by 30%.,https://remnant.wiki/Power_Fantasy
o3w3u5,Power Trip,relicfragment,Doubles Mod Charges.,https://remnant.wiki/Power_Trip
8140zw,Prime Time,relicfragment,Enables Prime Perk for Secondary Archetype.,https://remnant.wiki/Prime_Time
xut36z,Projectile Speed,relicfragment,Increases Projectile Speed by 15%.,https://remnant.wiki/Relic_Fragment
dp184t,Ranged Critical Chance,relicfragment,Increases Ranged Critical Chance by 7.5%.,https://remnant.wiki/Relic_Fragment
wlnbc1,Ranged Damage,relicfragment,Increases Ranged Damage by 10%.,https://remnant.wiki/Relic_Fragment
w8ruyt,Ranged Fire Rate,relicfragment,Increases Ranged Fire Rate by 10%.,https://remnant.wiki/Relic_Fragment
5wuf2j,Reload Speed,relicfragment,Increases Reload Speed by 10%.,https://remnant.wiki/Relic_Fragment
qx4bbk,Reverberation,relicfragment,Increases Stamina Recovery by 200 per second.,https://remnant.wiki/Reverberation
0jam5w,Revive Speed,relicfragment,Increases Revive Speed by 20%.,https://remnant.wiki/Relic_Fragment
6onvd3,Sadistic,relicfragment,Status Effect Damage has a 50% chance to deal 2x more damage per tick.,https://remnant.wiki/Sadistic
7mw049,Sharpshooter,relicfragment,Increases Ranged Damage by 60%.,https://remnant.wiki/Sharpshooter
alp59n,Shield Amount,relicfragment,Increases Shield Effectiveness by 10%.,https://remnant.wiki/Relic_Fragment
f5mi7x,Shield Duration,relicfragment,Increases Shield Duration by 10%.,https://remnant.wiki/Relic_Fragment
n0r6bv,Size Matters,relicfragment,Doubles Magazine Size for non Single Shot Weapons.,https://remnant.wiki/Size_Matters
2bqp66,Skill Cooldown,relicfragment,Reduces Skill Cooldowns by 10%.,https://remnant.wiki/Relic_Fragment
o5sd30,Skill Critical Chance,relicfragment,Increases Skill Critical Chance by 7.5%.,https://remnant.wiki/Relic_Fragment
fuhykd,Skill Damage,relicfragment,Increases Skill Damage by 10%.,https://remnant.wiki/Relic_Fragment
7c8uka,Skill Duration,relicfragment,Increases Skill Duration by 15%.,https://remnant.wiki/Relic_Fragment
zo1rt6,Soulmate,relicfragment,Increases Summon Limit by 1.,https://remnant.wiki/Soulmate
wbu60g,Spectrum,relicfragment,Gain Bonuses Based on Color of Fragments within the Prism.,https://remnant.wiki/Spectrum
f80hyz,Speed Demon,relicfragment,Grants Maximum Movement Speed Bonuses.,https://remnant.wiki/Speed_Demon
qqmdc0,Stamina Bonus,relicfragment,Increases Stamina by 15%.,https://remnant.wiki/Relic_Fragment
32immt,Status Damage,relicfragment,Increases Status Effect Damage by 15%.,https://remnant.wiki/Relic_Fragment
nqq5t5,Steel Plating,relicfragment,Increases Armor by 150.,https://remnant.wiki/Steel_Plating
cya6q1,Traitor,relicfragment,Maxes out Core Traits.,https://remnant.wiki/Traitor
0xj2m6,Unbreakable,relicfragment,Grey Health cannot be removed.,https://remnant.wiki/Unbreakable
p3trdc,Unbridled,relicfragment,Reduces all Skill Cooldowns by Half.,https://remnant.wiki/Unbridled
omefk5,Use Speed,relicfragment,Increases Relic and Consumable Use Speed by 15%.,https://remnant.wiki/Relic_Fragment
8jm01f,Vaccinated,relicfragment,Immune to Negative Status Effects.,https://remnant.wiki/Vaccinated
oszz4u,Weakspot Damage,relicfragment,Increases Weakspot Damage by 15%.,https://remnant.wiki/Relic_Fragment
i5kymp,Weapon Ideal Range,relicfragment,Increases Ideal Weapon Range by 2m.,https://remnant.wiki/Relic_Fragment
oiiiu2,Weapon Spread,relicfragment,Reduces Weapon Spread by 15%.,https://remnant.wiki/Relic_Fragment
t2ro08,Wrecking Ball,relicfragment,Increases Explosive Critical Chance by 100%.,https://remnant.wiki/Wrecking_Ball
27gn7b,A'Taerii Booster,ring,Heavy Weapons gain 10% additional damage and gain 10% additional Critical Chance in both Carry and Turret Mode.,https://remnant.wiki/A'Taerii_Booster
q3qca2,Acid Stone,ring,Increases ACID damage by 15% and ACID Resistance by 20%.,https://remnant.wiki/Acid_Stone
azy0pj,Ahanae Crystal,ring,Deal 5% additional damage for each Status Effect the target is suffering from.,https://remnant.wiki/Ahanae_Crystal
9siz0d,Akari War Band,ring,Perfect Dodges increase Critical Chance by 10% and Critical Damage by 10% for 15s.,https://remnant.wiki/Akari_War_Band
dgh4g8,Alchemy Stone,ring,Increases base Lifesteal by 6% while suffering from a negative STATUS or BLIGHT Effect.,https://remnant.wiki/Alchemy_Stone
ll1vsx,Alumni Ring,ring,Increases all Elemental damage dealt by 10%.,https://remnant.wiki/Alumni_Ring
pqez3b,Amber Moonstone,ring,When Health drops below 35%  all incoming damage is reduced by 25% and wearer becomes immune to Temporary Status Effects.,https://remnant.wiki/Amber_Moonstone
7fmi47,Anastasija's Inspiration,ring,When receiving healing effects  gain HASTE for 10s.,https://remnant.wiki/Anastasija's_Inspiration
6bqghl,Archer's Crest,ring,Increases Projectile Speed by 20% and Decreases Weapon Charge Time by 25%.,https://remnant.wiki/Archer's_Crest
8kyyav,Assassin's Seal,ring,Reduces enemy Awareness Range by 25%. Increases all damage dealt to enemies not targeting wearer by 10%.,https://remnant.wiki/Assassin's_Seal
ez01nk,Atonement Fold,ring,Self-inflicts BLEEDING Status upon the wearer  causing 0.275 - 0.55 BLEED damage per second. Increases Critical Chance by 5%.,https://remnant.wiki/Atonement_Fold
mm6dj8,Band Band,ring,Increases Speed of Revive and being Revived by 35%. Increases Downed Health and Downed Movement Speed by 100%.,https://remnant.wiki/Band_Band
id6lly,Band of Accord,ring,Ammo acquired on pickup is increased by 50% per ally also wearing this ring and is shared with other allies.,https://remnant.wiki/Band_of_Accord
gv12gw,Band of the Fanatic,ring,Increases Status Effect Damage by 30% and reduces Status Effect Duration by 50%.,https://remnant.wiki/Band_of_the_Fanatic
pi2zf8,Berserker's Crest,ring,Increases Melee Speed by 10% and reduces Melee Stamina Cost by 30%.,https://remnant.wiki/Berserker's_Crest
7usn4n,Bisected Ring,ring,Gain Infinite Stamina. All damage received is increased by 15%,https://remnant.wiki/Bisected_Ring
eozlwb,Bitter Memento,ring,Forces 1% of wearer's Max Health to remain as Grey Health. Activating a skill converts 33.5% Max Health into Grey Health. Conversion cannot kill wearer.,https://remnant.wiki/Bitter_Memento
ac27lx,Black Cat Band,ring,When taking fatal damage  instead of dying  the wearer's Health will drop to 1  and Movement Speed will increase by 25% for 10s. 2m cooldown.,https://remnant.wiki/Black_Cat_Band
7kbu25,Black Pawn Stamp,ring,Reduces Cooldowns of Skills by 10%.,https://remnant.wiki/Black_Pawn_Stamp
sq8ZUN,Black Spinel,ring,Applying a Negative Status Effect grants 2% Max Health per second for 3s. Applying or refreshing a Negative Status Effect while buff is active will increase the duration by 1.5s. Max 15s.,https://remnant.wiki/Black_Spinel
6pzq37,Blackout Ring,ring,Increases Reload Speed by 3% for every 20% of Magazine missing.,https://remnant.wiki/Blackout_Ring
ep14lr,Blasting Cap Ring,ring,Increases Explosive damage by 15%.,https://remnant.wiki/Blasting_Cap_Ring
empffm,Blessed Ring,ring,After receiving a benefit from a Relic  gain 2 Stacks of BULWARK for 30s.,https://remnant.wiki/Blessed_Ring
rw8rn0,Blood Jewel,ring,Charged Melee Attacks apply BLEEDING  dealing 620 BLEED damage over 20s.,https://remnant.wiki/Blood_Jewel
pj7i9a,Blood Tinged Ring,ring,Gain 2 Health Regeneration per second when within 25m of a BLEEDING entity.,https://remnant.wiki/Blood_Tinged_Ring
WHgN93,Bloodless King's Vow,ring,Gain 4% of base Ranged Damage dealt as Lifesteal.,https://remnant.wiki/Bloodless_King's_Vow
sdkwq2,Booster Ring,ring,Increases all Status Resistances by 25.,https://remnant.wiki/Booster_Ring
zdkh54,Braided Thorns,ring,Increases Critical Chance by 10%.,https://remnant.wiki/Braided_Thorns
17ckov,Brawler's Pride,ring,Increases Melee Attack Speed by 15% and Melee Critical Chance by 5%.,https://remnant.wiki/Brawler's_Pride
w268ge,Breach Accelerator,ring,Increases Movement Speed and Physical Damage by 5%. Bonus is doubled when HASTE is active.,https://remnant.wiki/Breach_Accelerator
t7sqw7,Bridge Warden's Crest,ring,Perfect Dodge increases Melee Damage by 20% for 10s. Perfect Evade Flop also gains 10% Damage Reduction for the duration.,https://remnant.wiki/Bridge_Warden's_Crest
k45qer,Burden of the Audacious,ring,Decreases all healing by 50%. Perfect Dodges heal for 25% of Max Health.,https://remnant.wiki/Burden_of_the_Audacious
syutk7,Burden of the Departed,ring,Reduces Total Relic Charges by 33%. Increases All Damage dealt by 10%.,https://remnant.wiki/Burden_of_the_Departed
dgb0s9,Burden of the Destroyer,ring,Decreases Range of all Firearms by 35%. Increases all damage dealt by 15%.,https://remnant.wiki/Burden_of_the_Destroyer
tvfpo7,Burden of the Divine,ring,All damage dealt by the wearer is reduced by 15%. 30% of self healing applies to allies.,https://remnant.wiki/Burden_of_the_Divine
NmzR7o,Burden of the Excavator,ring,Explosions cannot Critical Hit. Increases Explosive Damage by 35%.,https://remnant.wiki/Burden_of_the_Excavator
b76cdv,Burden of the Follower,ring,Reduces Fire Rate by 15%. Increases Mod Power Generation by 30%.,https://remnant.wiki/Burden_of_the_Follower
ctv31c,Burden of the Gambler,ring,Disables Weakspots. Increases Critical Chance by 10% and Critical Damage by 15%.,https://remnant.wiki/Burden_of_the_Gambler
k89bxv,Burden of the Mariner,ring,Increases Skill Cooldowns by 15%. Generate 15% additional Mod Power for each Skill on Cooldown.,https://remnant.wiki/Burden_of_the_Mariner
k89bxz,Burden of the Mason,ring,Decreases Dodge Weight Threshold by 25. Increases Melee damage by 35% of the wearer's total Damage Reduction.,https://remnant.wiki/Burden_of_the_Mason
fGFm6B,Burden of the Mesmer,ring,Reduces Max Health by 20%. Increases All Damage by 1% for every 5% of the wearer's total Damage Reduction.,https://remnant.wiki/Burden_of_the_Mesmer
0d9eg9,Burden of the Protector,ring,Reduces incoming SHIELD Duration by 50%. Increases SHIELD amount by 15%.,https://remnant.wiki/Burden_of_the_Protector
z169p0,Burden of the Rebel,ring,Reduces Relic Use Speed by 25%. Reduces Skill Cooldowns by 15%.,https://remnant.wiki/Burden_Of_The_Rebel
7xb5zr,Burden of the Sciolist,ring,Reduces Ammo Reserves by 20%. Increases Mod and Skill Damage by 15%.,https://remnant.wiki/Burden_of_the_Sciolist
kj85yo,Burden of the Stargazer,ring,Reduces Skill Cooldowns by 15%. Activating a Skill costs 15% Health.,https://remnant.wiki/Burden_of_the_Stargazer
mdu1f6,Burden of the Warlock,ring,Reduces Mod Power Requirement by 15%. Activating a Mod costs 15% Health as Grey Health. Conversion cannot kill wearer.,https://remnant.wiki/Burden_of_the_Warlock
b99sey,Bypass Primer,ring,On Perfect Dodge  reload current Firearm,https://remnant.wiki/Bypass_Primer
cu0w65,Captain's Insignia,ring,Increases Revive Speed and Relic Consume Speed by 25% per downed or dead ally. Max 2 stacks.,https://remnant.wiki/Captain's_Insignia
e6da79,Cataloger's Jewel,ring,Automatically generates 10 Mod Power per second.,https://remnant.wiki/Cataloger's_Jewel
kt5ag1,Celerity Stone,ring,Increases Consumable and Relic Use Speed by 25%.,https://remnant.wiki/Celerity_Stone
5rAV7V,Clear Halo,ring,After 10s of not being damaged  generate a SHIELD for 10% of Max Health over 2s.,https://remnant.wiki/Clear_Halo
Sm4o3R,Closed Loop,ring,Gain 5% of Max Health as SHIELD for 10s after a Charged Shot. Accumulation resets after 10s of inaction. Max 25% SHIELD.,https://remnant.wiki/Closed_Loop
zeA523,Combat Shield Generator,ring,While in combat  Crouching or Combat Slide generates a stationary 3m x 1.5m Energy Shield with 700 Health which blocks enemy projectiles. Lasts 10s or until broken by damage.  Can only happen once every 10s after expiring.,https://remnant.wiki/Combat_Shield_Generator
6p71zo,Compulsion Loop,ring,After killing an enemy  gain 5% Fire Rate and Melee Attack Speed for 10s. Stacks 3x.,https://remnant.wiki/Compulsion_Loop
k89bxd,Conjurer's Circle,ring,When the wearer's Summon enters the battlefield  conjure a 5m Summoning Circle. Allies in the Summoning Circle have their Stagger Level reduced by 1 and regenerates 5 Grey Health per second. Lasts 10s.  Can only happen once every 10s after expiring.,https://remnant.wiki/Conjurer's_Circle
fa7066,Conservation Seal,ring,For every 10% of Health missing [Max 50%]  gain 10% chance to not consume Relic and 5% increased Relic Efficacy on next use.,https://remnant.wiki/Conservation_Seal
dyr6ej,Constant Variable Ring,ring,Increases Ranged damage up to 20% based on current Weapon's Overheat value.,https://remnant.wiki/Constant_Variable_Ring
s916uj,Crimson Dreamstone,ring,Critical Hits increase Skill Damage by 2% for 5s. Max 10 stacks.,https://remnant.wiki/Crimson_Dreamstone
k6Sqka,Custodian's Bastion,ring,Increases Armor by 1 per 2% of active SHIELD. Max 100 Bonus Armor.,https://remnant.wiki/Custodian's_Bastion
Zj9qF5,Dark Sea Armada Crest,ring,On Relic Use  increases All Elemental Damage dealt by 15% for 15s.,https://remnant.wiki/Dark_Sea_Armada_Crest
vbxfcp,Dead King's Memento,ring,Increases Health by 15.,https://remnant.wiki/Dead_King's_Memento
1dmpt8,Deceiver's Band,ring,After performing a Slide  gain 15% Evade Speed and 10% Movement Speed for 12s.,https://remnant.wiki/Deceiver's_Band
9bnfhm,Deep Pocket Ring,ring,Increases Ammo Reserves by 35%.,https://remnant.wiki/Deep_Pocket_Ring
3krgp4,Defensive Action Loop,ring,While reloading  and for 3s after reload completes  incoming damage is reduced by 10%.,https://remnant.wiki/Defensive_Action_Loop
6xu3sb,Demolition Coil,ring,Unarmed Charged Melee Attacks explode when hitting an enemy  dealing 30% additional explosive damage over 1.5m.,https://remnant.wiki/Demolition_Coil
b91hx9,Dense Silicon Ring,ring,Gain 200% of Health Regenerated as Mod Power.,https://remnant.wiki/Dense_Silicon_Ring
267d3s,Detonating Cord,ring,On Relic Use  increases Explosive Damage by 10% for 15s and casts a 3m Explosive AOE which deals 120 Base Damage.,https://remnant.wiki/Detonating_Cord
l8a2e1,Devoured Loop,ring,Critical Hits have a 1% chance to reset Skill Cooldowns. Can only occur once every 10s. Increases all incoming damage by 10%.,https://remnant.wiki/Devoured_Loop
v4yzc6,Digested Hog Lure,ring,Reloading increases Mod Damage by 15% for 7s.,https://remnant.wiki/Digested_Hog_Lure
yry5r0,Disaster Converter,ring,When wearer's Health drops below 25%  gain a SHIELD for 50% of total current Grey Health for 10s. Max 50% SHIELD. Does not stack with itself.,https://remnant.wiki/Disaster_Converter
r1dqm9,Drakestone Pearl,ring,Enables Stamina Regeneration during Melee Attacks at 20% of the normal rate.,https://remnant.wiki/Drakestone_Pearl
fojjag,Dran Memento,ring,Increases Max Stamina by 20 and reduces Encumbrance by 5.,https://remnant.wiki/Dran_Memento
5pwtei,Dran Scavenger Ring,ring,Collecting Scrap  Iron  and Ammo Pickups regenerates 50% of Max Health and increases all damage dealt by 8% for 30s.,https://remnant.wiki/Dran_Scavenger_Ring
5k6zdd,Dread Font,ring,Increases Grey Health Regeneration rate by 2 per second.,https://remnant.wiki/Dread_Font
ez6z8b,Dried Clay Ring,ring,Grants 1 stack of BULWARK. Increases All Damage by 50% of the Total Damage Reduction granted by BULWARK stacks.,https://remnant.wiki/Dried_Clay_Ring
gtli7e,Drzyr Sniper Sigil,ring,Increases the minimum damage at Max Falloff Range from 20% to 40%.,https://remnant.wiki/Drzyr_Sniper_Sigil
s76ytc,Dull Steel Ring,ring,Reduces Dodge Weight Threshold by 1 Level.,https://remnant.wiki/Dull_Steel_Ring
mv9b18,Dying Ember,ring,Gain 6% of base Melee damage dealt as Lifesteal.,https://remnant.wiki/Dying_Ember
5dipaq,Elevated Ring,ring,Increases Dodge Weight Threshold by 10. Reduces Encumbrance by 10.,https://remnant.wiki/Elevated_Ring
h2g5z3,Embrace of Sha'Hala,ring,Wearer gains 7.5% incoming Damage Reduction when suffering from a unique Negative Status Effect or Blight. Max 2 stacks.,https://remnant.wiki/Embrace_of_Sha'Hala
huu4fi,Empowering Loop,ring,Increases Ranged Damage by 15%. Slows Firearm Charge Time by 10% and reduces Fire Rate by 10%.,https://remnant.wiki/Empowering_Loop
g1u6gi,Encrypted Ring,ring,Using a Mod regenerates 20% of Max Health over 10s. Can stack up to 30s.,https://remnant.wiki/Encrypted_Ring
bx0ulq,Endaira's Endless Loop,ring,After Sprinting for 1s  the wearer gains 2 Health Regeneration per second until they stop Sprinting.,https://remnant.wiki/Endaira's_Endless_Loop
l5gfd1,Excess Coil,ring,Activating a Skill grants a SHIELD for 25% of Max Health. Cannot stack with itself. Lasts 15s.,https://remnant.wiki/Excess_Coil
t2ct6r,Fae Bruiser Ring,ring,Dealing Melee damage grants 2 Stacks of BULWARK for 15s. Does not stack with itself.,https://remnant.wiki/Fae_Bruiser_Ring
i4wkw2,Fae Hunter Ring,ring,Increases Range of Firearms by 35%.,https://remnant.wiki/Fae_Hunter_Ring
f2j9er,Fae Protector Signet,ring,Increases Max Health and Stamina by 10 and Reduces Encumbrance by 5.,https://remnant.wiki/Fae_Protector_Signet
7okl48,Fae Shaman Ring,ring,Increases Health Regeneration by 0.35 and Relic Use Speed by 25%.,https://remnant.wiki/Fae_Shaman_Ring
6ypnyx,Fae Warrior Ring,ring,Increases Melee Damage by 15%.,https://remnant.wiki/Fae_Warrior_Ring
drjm15,Faelin's Sigil,ring,Melee Damage generates 15% additional Mod Power.,https://remnant.wiki/Faelin's_Sigil
02wal9,Faerin's Sigil,ring,Critical and Weakspot Hits generate 12.5% additional Mod Power.,https://remnant.wiki/Faerin's_Sigil
5q53ke,Feastmaster's Signet,ring,Increases active Concoction Limit by 1.,https://remnant.wiki/Feastmaster's_Signet
zXq2H7,Feathery Binding,ring,Increases Projectile Speed by 15% and Decreases Weapon Charge Time by 10%. Bonus is doubled when HASTE is active.,https://remnant.wiki/Feathery_Binding
j13xrf,Feedback Loop,ring,Perfect Dodge triggers a 3m AOE blast that deals 55 - 155 SHOCK Damage and applies OVERLOADED which deals 55 - 155 SHOCK damage every 5s.,https://remnant.wiki/Feedback_Loop
ic2sn8,Feeding Tube,ring,While in combat  auto-consume the compatible item in the first quick-slot every 30s. Increases Consumable and Relic Use Speed by 10%.  Not compatible with Concoctions  Grenades and some Unique Consumables.,https://remnant.wiki/Feeding_Tube
go5hz8,Fire Stone,ring,Increases FIRE damage by 15% and FIRE Resistance by 20.,https://remnant.wiki/Fire_Stone
z9YJih,Floodlit Diamond,ring,Increases Weakspot Damage by 12%. Bonus is doubled against EXPOSED targets.,https://remnant.wiki/Floodlit_Diamond
1qg7a8,Flyweight's Sting,ring,Increases Melee damage while Armor Encumbrance is below 50. Damage bonus increases with lower Encumbrance  up to 25% at 0 Weight.,https://remnant.wiki/Flyweight's_Sting
o7grsg,Focusing Shard,ring,Aiming Down Sights gradually reduces Spread by 70% over 4s.,https://remnant.wiki/Focusing_Shard
9E5qGu,Force Multiplier,ring,Overcharging Charge Weapons grants 1.05x Weapon Damage Per 0.5s while Charge is held beyond Perfect Release Window. Max 1.3x.,https://remnant.wiki/Force_Multiplier
4j9wo9,Frivolous Band,ring,Increases Evade Speed by 10%. Perfect Evades increase Fire Rate by 10% and Melee Speed by 10% for 7s.,https://remnant.wiki/Frivolous_Band
y23znz,Galvanized Resupply Band,ring,Increases Ammo Pickups by 100%.,https://remnant.wiki/Galvanized_Resupply_Band
4dstmt,Game Master's Pride,ring,Reduces all healing by 50%. Splits all damage and remaining healing evenly among all allies wearing this ring.,https://remnant.wiki/Game_Master's_Pride
fg8su2,Generating Band,ring,Regenerate 3% of Max Health per second while a SHIELD is active.,https://remnant.wiki/Generating_Band
o7vaf6,Grounding Stone,ring,Increases SHOCK damage by 15% and SHOCK Resistance by 20.,https://remnant.wiki/Grounding_Stone
yvo3jd,Guardian's Ring,ring,Adds 1 Stack of BULWARK when within 15m of an enemy. Increases to 2 Stacks for 15s after taking Melee damage.,https://remnant.wiki/Guardian's_Ring
xG9CQJ,Gul Signet,ring,Increases Damage Reduction by 10%. Each Weight Class above LIGHT reduces Damage Reduction bonus by 2.5% (up to 3x).,https://remnant.wiki/Gul_Signet
976r2x,Gunslinger's Ring,ring,Increases Firearm Swap Speed by 30% and Reload Speed by 10%.,https://remnant.wiki/Gunslinger's_Ring
f2ooga,Hardcore Metal Band,ring,Taking damage adds 1 stack of BULWARK for 10s. Max 3 BULWARK stacks.,https://remnant.wiki/Hardcore_Metal_Band
pvwud6,Hardened Coil,ring,Reduces all incoming damage by 3% for each 10% of missing Health. Max 15% reduction.,https://remnant.wiki/Hardened_Coil
8azdr4,Haymaker's Ring,ring,Increase Melee damage by 0.2% for every 1 point of Armor Encumbrance.,https://remnant.wiki/Haymaker's_Ring
x74y2q,Heart of the Wolf,ring,Increases Max Stamina by 25 and Movement Speed by 10%.,https://remnant.wiki/Heart_Of_The_Wolf
y45ad6,Hex Ward,ring,Prevents CURSE.,https://remnant.wiki/Hex_Ward
9v791d,Impact Augment,ring,When a single source of Enemy Damage exceeds 15% of Max Health  increase All Damage dealt by 3% for 10s. Max 5 Stacks.,https://remnant.wiki/Impact_Augment
7EmKj6,Infinity Pocket,ring,Reloading an Empty Magazine refills 10% of the stowed weapon's Max Ammo. When stowed weapon is full  the refill amount applies to the primary weapon instead.,https://remnant.wiki/Infinity_Pocket
sosywj,Jewel of the Beholden,ring,On Relic Use  increase Mod Damage by 15% for 15s.,https://remnant.wiki/Jewel_of_the_Beholden
kpxowa,Kinetic Cycle Stone,ring,Increases Mod and Skill Cast Speed by 20%.,https://remnant.wiki/Kinetic_Cycle_Stone
dp4w2B,Kolket Eyelet,ring,Grants 1 stack of BULWARK. Increases Health Regeneration by 0.3 per second for each stack of BULWARK.,https://remnant.wiki/Kolket_Eyelet
t5dv6X,Leaking Gemstone,ring,Allows 20% of Mod Power Generation to continue during an active mod.,https://remnant.wiki/Leaking_Gemstone
t8u4k1,Lighthouse Keeper's Ring,ring,Automatically generate 4 Mod Power per second for each entity within 15m suffering from a Negative Status Effect. Max 5 stacks.,https://remnant.wiki/Lighthouse_Keeper's_Ring
hs5tok,Lithic Signet,ring,Reduces all incoming damage by 7%.,https://remnant.wiki/Lithic_Signet
sye1ay,Lodestone Ring,ring,Increases all damage dealt against illuminated enemies by 5%.,https://remnant.wiki/Lodestone_Ring
l2dwy4,Low Yield Recovery Ring,ring,Killing an enemy regenerates 6% Max Health over 6s. Additional kills increase duration by 6s. Max 30s.,https://remnant.wiki/Low_Yield_Recovery_Ring
E7fQdZ,Mark of the Destroyer,ring,Perfect Dodge triggers a 3m AOE blast that deals 110 - 310 Explosive Damage.,https://remnant.wiki/Mark_of_the_Destroyer
R3fM4y,Matriarch's Ring,ring,Perfect Dodge reduces Charge Melee Stamina Cost by 100% for 7s.,https://remnant.wiki/Matriarch's_Ring
ngue5b,Mechanic's Cog,ring,While carrying an Engineer Heavy Weapon  gain 15% Movement Speed and 1 Stack of BULWARK.,https://remnant.wiki/Mechanic's_Cog
o7byap,Metal Driver,ring,Killing Blows increase Reload Speed by 10% for 15s. Stacks 3x.,https://remnant.wiki/Metal_Driver
ayje99,Meteorite Shard Ring,ring,Increases Encumbrance by 50. Increases Unarmed damage by 50%.,https://remnant.wiki/Meteorite_Shard_Ring
rtfwr5,Microcompressor,ring,Reduces Heat Generation per round when firing Weapons that Overheat by 30%. Increases Heat decay Rate by 30%.,https://remnant.wiki/Microcompressor
la9qe1,Momentum Driver,ring,After Sprinting for 1.5s  Movement Speed is increased by 15% and Stagger Level reduced by 1.,https://remnant.wiki/Momentum_Driver
m8xta9,Mortal Coil,ring,Increases All Damage dealt by 1% for every 2% of the wearer's total Lifesteal. Max 20% All Damage.,https://remnant.wiki/Mortal_Coil
0sb21d,Nanofiber Strand,ring,Increases SHIELD Amount by 10%.,https://remnant.wiki/Nanofiber_Strand
JuMRf8,Nightmare Sigil,ring,On Perfect Dodge  increases base Lifesteal by 5% for 10s.,https://remnant.wiki/Nightmare_Sigil
p71mik,Offering Stone,ring,Dealing Ranged Damage increases all Damage by 1% for 1s. Stacks 15x. After killing an enemy  extends the duration to 10s.,https://remnant.wiki/Offering_Stone
b195vq,Outcast Ring,ring,Increases Reload Speed by 5% for 10s after reloading. Stacks 5x.,https://remnant.wiki/Outcast_Ring
6y14c4,Painless Obsidian,ring,When Grey Health is present gain HASTE and 1 stack of BULWARK.,https://remnant.wiki/Painless_Obsidian
eBxG7w,Pan War Band,ring,Increases Movement Speed and Reload Speed by 3% and Fire Rate by 2% for each ally wearing this ring.,https://remnant.wiki/Pan_War_Band
gg6srx,Point Focus Ring,ring,Reduces Weapon Spread and Recoil by 30%.,https://remnant.wiki/Point_Focus_Ring
oavdxw,Power Complex,ring,Increases All Damage dealt by 1% per second to a maximum of 15%. Dodging resets Power Complex to 0%.,https://remnant.wiki/Power_Complex
7i0yzu,Power Saver,ring,At Max Health  gain a 35% chance to not use a Relic charge.,https://remnant.wiki/Power_Saver
0k8d0g,Probability Cord,ring,Increases Crit Damage by 20%.,https://remnant.wiki/Probability_Cord
uydz9a,Propulsion Loop,ring,After killing an enemy  increases Movement Speed by 5% and Consumable Use Speed by 10% for 10s. Stacks 3x.,https://remnant.wiki/Propulsion_Loop
8i7o4p,Provisioner Ring,ring,Firearms reload over time while stowed.,https://remnant.wiki/Provisioner_Ring
7XdP4g,Rally Band,ring,Melee Strikes convert Grey Health into Health. Each melee strike converts up to 10% of Max Health,https://remnant.wiki/Rally_Band
kqddup,Ravager's Bargain,ring,Increases All Damage and All Critical Chance by 5% while BLEEDING.,https://remnant.wiki/Ravager's_Bargain
kqdoup,Reaping Stone,ring,After an Elemental Status Effect is removed from wearer  they become immune to all Elemental Status Effects and gain 5% of base damage dealt as Lifesteal for 10s.,https://remnant.wiki/Reaping_Stone
9ng83z,Red Ring of Death,ring,Duplicates the last damaging Negative Status applied to the target. Reduces outgoing Status Effect Damage by 10%.,https://remnant.wiki/Red_Ring_of_Death
48r4bl,Rerouting Cable,ring,Gain 5% of Max Health as a SHIELD for 5s after spending 20 Stamina. Accumulation resets after 5s of inaction. Max 50% SHIELD.,https://remnant.wiki/Rerouting_Cable
ucm4yv,Reserve Boosting Gem,ring,Increases Health Regeneration by 0.5 per second. 1s after going below 50% Health  increases regeneration value to 2.5 per second until 50% Health is reached.,https://remnant.wiki/Reserve_Boosting_Gem
eznhcv,Restriction Cord,ring,Restricts the wearer from Healing above 50% of their Max Health and reduces all incoming damage by 15%.,https://remnant.wiki/Restriction_Cord
1hx3g8,Ring of Ashes,ring,Stowed weapons generate 15 Mod Power per second.,https://remnant.wiki/Ring_of_Ashes
d9mtz2,Ring of Bones,ring,On Relic Use  increase All Damage by 10% for 15s.,https://remnant.wiki/Ring_of_Bones
378qz0,Ring of Crisis,ring,When wearer's Health drops below 25%  gain a Shield for 25% of Max Health. Lasts 10s.,https://remnant.wiki/Ring_of_Crisis
ie648z,Ring of Deflection,ring,Direct damage against wearer has a 50% chance to be converted entirely to Grey Health.,https://remnant.wiki/Ring_of_Deflection
ubqgie,Ring of Diversion,ring,Increases invulnerability window while evading and sliding.,https://remnant.wiki/Ring_of_Diversion
lx6all,Ring of Flawed Beauty,ring,Ranged Weakspot damage is increased by 25%. Ranged damage is reduced by 15% when failing to hit a Weakspot.,https://remnant.wiki/Ring_of_Flawed_Beauty
ne83ro,Ring of Grace,ring,Taking enemy damage causes 15% of Maximum Health to regenerate over 10s.,https://remnant.wiki/Ring_of_Grace
0yfahk,Ring of Infinite Damage,ring,Increases fire rate by 8. ,https://remnant.wiki/Ring_of_Infinite_Damage
1gnt2c,Ring of Omens,ring,Evades cost 15% Max Health as Grey Health instead of Stamina.,https://remnant.wiki/Ring_of_Omens
RDi2ad,Ring of Ordnance,ring,Allows N'Erudian Tech to gradually regenerate while both Deployed or Stowed. While Deployed  Tech will regenerate at 75% of the normal value. While Stowed  Tech regeneration rate is doubled.,https://remnant.wiki/Ring_Of_Ordnance
r6xmgj,Ring of Phantom Pain,ring,Missing Health is converted to 10 Grey Health per second. Reduces Grey Health Regeneration by 90%.,https://remnant.wiki/Ring_Of_Phantom_Pain
3aryrr,Ring of Restocking,ring,Reloads within 5s of a Critical Kill or Weakspot Kill are 20% faster.,https://remnant.wiki/Ring_of_Restocking
8ejbuu,Ring of Retribution,ring,Incoming enemy damage increases Reload Speed and all outgoing damage by 15%. Lasts 15s.,https://remnant.wiki/Ring_of_Retribution
ic39X7,Ring of Spirits,ring,Increases Mod Generation by 3% for each active consumable. Max 5 stacks.,https://remnant.wiki/Ring_of_Spirits
aqo8pe,Ring of the Castaway,ring,Increases base Consumable Duration by 50%.,https://remnant.wiki/Ring_of_the_Castaway
jbfxsb,Ring of the Damned,ring,Increases All Damage by 0.4% for each 1% of Grey Health. Increase Critical Chance by 5% if at least 50% of Max Health is Grey.,https://remnant.wiki/Ring_of_the_Damned
wvtzrn,Ring of the Forest Spirit,ring,Relic Healing Effectiveness is increased by 15%.,https://remnant.wiki/Ring_of_the_Forest_Spirit
qdxm42,Ring of the Robust,ring,Increases Max Health by 10 and Armor by 20.,https://remnant.wiki/Ring_Of_The_Robust
g61t33,Ring of the Vain,ring,Reduces Invulnerability Window on Evade and Combat Slide by 35%. Increases Movement Speed while aiming by 35%.,https://remnant.wiki/Ring_of_the_Vain
lr4wxu,Rock of Anguish,ring,Gain 5% Movement Speed and 7.5% Reload Speed for every 25% of Max Health missing.,https://remnant.wiki/Rock_of_Anguish
hvhbv9,Rotward,ring,Prevents ROOT ROT Blight.,https://remnant.wiki/Rotward
i544v3,Rusted Heirloom,ring,Grants 2 Stacks of BULWARK below 50% Max HP.,https://remnant.wiki/Rusted_Heirloom
pl1g6b,Sagestone,ring,Increases earned Experience by 10%.,https://remnant.wiki/Sagestone
v65mav,Sapphire Dreamstone,ring,Critical Hits reduce Skill Cooldowns by 4%. Can only happen once every 2s.,https://remnant.wiki/Sapphire_Dreamstone
pqd4vp,Seal of the Empress,ring,Increases Max Health by 20. Reduces Max Stamina by 5.,https://remnant.wiki/Seal_of_the_Empress
RA6NZn,Sealed Resin Loop,ring,Melee Attacks can be cancelled mid action by Dodging.,https://remnant.wiki/Sealed_Resin_Loop
acmch3,Security Half-Measure,ring,On Relic Use  sacrifices 15% of Max Health and grants a SHIELD for 10% of the wearer's Max Health to allies within 8m. Conversion cannot kill wearer. Lasts 15s.,https://remnant.wiki/Security_Half-Measure
8bhhzo,Shadow of Misery,ring,Increase Status Effect Damage by 20%.,https://remnant.wiki/Shadow_of_Misery
ylif78,Shaed Stone,ring,Increase Skill Damage by 15%.,https://remnant.wiki/Shaed_Stone
13vsn5,Shard Banded Ring,ring,Increases Mod damage by 12%,https://remnant.wiki/Shard_Banded_Ring
fsh7tv,Shield Alternator,ring,Activating a Mod that costs 100 Mod Power or greater  generates a SHIELD for 20% of Max Health. Lasts 15s. Cannot stack with itself.,https://remnant.wiki/Shield_Alternator
08cb3s,Shiny Hog Lure,ring,Reloading grants 25-50 Mod Power to both weapons based on percentage of Magazine reloaded.,https://remnant.wiki/Shiny_Hog_Lure
cpxk1d,Singed Ring,ring,Increases all damage dealt to BURNING enemies by 12%.,https://remnant.wiki/Singed_Ring
3nifjz,Siphon Filter,ring,Increases All Damage dealt by an amount equal to an active HASTE bonus. Grants HASTE when within 15m of an entity suffering from SLOW,https://remnant.wiki/Siphon_Filter
0e7ll0,Slayer's Crest,ring,Increases Melee damage by 25% when attacking enemies from behind.,https://remnant.wiki/Slayer's_Crest
8kotd5,Soul Feast,ring,When a Human  Companion  or Minion is downed or killed  reduce Skill Cooldowns by 8%.,https://remnant.wiki/Soul_Feast
8kotg5,Soul Guard,ring,Gain a stack of BULWARK for each active Summon.,https://remnant.wiki/Soul_Guard
ohlt19,Soul Link,ring,Summons Lifesteal 5% of base damage dealt which returns to the wearer as Health.,https://remnant.wiki/Soul_Link
uswo9w,Soul Shard,ring,Increases All Damage dealt by 5% for each active Summon. Max 15%.,https://remnant.wiki/Soul_Shard
LfHjW4,Spirit Alternator,ring,Incoming SHIELD grants 150% of the SHIELD generated as Mod Power.,https://remnant.wiki/Spirit_Alternator
58hv43,Spirit Stone,ring,Increases Mod Power generation by 10%.,https://remnant.wiki/Spirit_Stone
0jnimt,Stockpile Charger,ring,After picking up ammo  increases the damage of that Ammo Type by 15% for 20s.,https://remnant.wiki/Stockpile_Charger
c20p9b,Stone of Balance,ring,Increases all damage by 7%.,https://remnant.wiki/Stone_of_Balance
leuefm,Stone of Continuance,ring,Increases Skill Duration by 15%.,https://remnant.wiki/Stone_of_Continuance
efdw51,Stone of Expanse,ring,Increases Ranged damage by 12%. Reduces all other damage dealt by 5%.,https://remnant.wiki/Stone_of_Expanse
kx65km,Stone of Malevolence,ring,Elemental damage generates 15% additional Mod Power.,https://remnant.wiki/Stone_Of_Malevolence
zmj6n9,Stone of Revelation,ring,Increases Mod Generation and Mod Damage by 5%. Bonus is doubled against EXPOSED targets.,https://remnant.wiki/Stone_of_Revelation
c24g9g,Strand of Sinew,ring,Slows Firearm Charge Time by 30% and increases Ranged Charge Damage by 20%.,https://remnant.wiki/Strand_of_Sinew
jq4dje,Stream Coupler,ring,Using a Skill regenerates 25% of Max Health over 10s.,https://remnant.wiki/Stream_Coupler
al5vs8,Subterfuge Link,ring,After killing an enemy  increases the Cast Speed of the next Mod or Skill Cast by 35%. Lasts 15s or until consumed.,https://remnant.wiki/Subterfuge_Link
44my16,Suppression Ward,ring,Prevents SUPPRESSION Blight.,https://remnant.wiki/Suppression_Ward
362ynf,Symbol of Royalty,ring,On Perfect Dodge  grants 1 stack of BULWARK for 10s. Max 3 stacks.,https://remnant.wiki/Symbol_of_Royalty
m2uqsh,Targeting Jewel,ring,Increases Range on all Firearms by 4m. Reduces Spread by 15%.,https://remnant.wiki/Targeting_Jewel
w4xzfq,Tarnished Ring,ring,Increases damage of Unarmed Attacks by 30%.,https://remnant.wiki/Tarnished_Ring
qv7e2g,Tear of Kaeula,ring,Increases Relic capacity by 2 while equipped.,https://remnant.wiki/Tear_of_Kaeula
k90sex,Tear of Lydusa,ring,Increases Healing and Lifesteal Efficacy by 20%. Reduces Healing Efficacy bonus by 1.5% for each 10% of missing Relic Capacity.,https://remnant.wiki/Tear_of_Lydusa
4bb4gf,Tempest Conduit,ring,After receiving Elemental Damage  increases all damage dealt by 15% and Resistance to the received Element by 20 for 15s.,https://remnant.wiki/Tempest_Conduit
6mopod,Thalos Eyelet,ring,Grants 1 stack of BULWARK and 2 Stamina Regen per second for each BULWARK stack. Increases BULWARK maximum stacks to 6.,https://remnant.wiki/Thalos_Eyelet
3pe83i,Tightly Wound Coil,ring,When spending 75% or more of current magazine  gain a SHIELD for 15% of Max Health for 5s. Does not stack with itself.,https://remnant.wiki/Tightly_Wound_Coil
3uggz9,Timekeeper's Jewel,ring,Increases the duration of all Status Effects applied by the wearer. Duration varies per Status.,https://remnant.wiki/Timekeeper's_Jewel
qv7e2gx,Token of Favor,ring,Increases All Damage by 5%. Gain 10% Critical Chance against EXPOSED targets.,https://remnant.wiki/Token_of_Favor
80psct,Tolerance Band,ring,Decreases Firearm Charge Time by 10% and increases Perfect Charge Window for applicable ranged weaponry.,https://remnant.wiki/Tolerance_Band
6mopou,Tomb Dweller's Ring,ring,Increases Movement Speed by 10% for 15s after Vaulting  Climbing  Leaping  and entering Water  stacks 3x. Reduces Fall Damage by 50%.,https://remnant.wiki/Tomb_Dweller's_Ring
v1w5ba,Transient Cord,ring,On Relic Use  increases Critical Chance by 10% and Critical Damage by 10% for 15s. Reduce bonus by 1% once every 1.5s.,https://remnant.wiki/Transient_Cord
hnkpp0,Vacuum Seal,ring,Increases Automatic Pickup Range for Scrap by 150%. Picking up Scrap  Iron  or Ammo grants a SHIELD for 15% of Max Health for 15s. Does not stack.,https://remnant.wiki/Vacuum_Seal
e6zmo5,Vestige of Power,ring,After 5s of not being damaged  increases Ranged and Melee Damage by 10%.,https://remnant.wiki/Vestige_of_Power
ekm1hx,Wax Sealed Ring,ring,Killing blows increase Ranged and Melee Damage by 4% for 15s. Stacks 3x,https://remnant.wiki/Wax_Sealed_Ring
etgc4h,White Glass Bead,ring,Perfect Dodge applies a SHIELD for 15% of Max Health. Lasts 10s. Cannot stack with itself.,https://remnant.wiki/White_Glass_Bead
irhphl,White Pawn Stamp,ring,Reduces Mod Power Requirement by 10%.,https://remnant.wiki/White_Pawn_Stamp
tx475e,Wind Hollow Circlet,ring,Increases Reload Speed by 12%.,https://remnant.wiki/Wind_Hollow_Circlet
0j6y53,Wired Inhibitor,ring,Applying a Negative Status Effect on an enemy also applies SLOW for 1s. Applying or refreshing additional Negative Statuses will increase the duration by 1s. Max 5s.,https://remnant.wiki/Wired_Inhibitor
uwq264,Wood Ring,ring,Increases Stagger Damage by 15%.,https://remnant.wiki/Wood_Ring
9kcrxa,Worn Admiral's Ring,ring,All damage received is increased by 200%. All damage dealt is increased by 15%.,https://remnant.wiki/Worn_Admiral's_Ring
ukufrn,Zania's Malice,ring,Dealing Weakspot damage increases Weakspot damage by 5% for 5s. Stacks 4x,https://remnant.wiki/Zania's_Malice
9fe9kj,Zohee's Ring,ring,Increases Mod Duration by 20%.,https://remnant.wiki/Zohee's_Ring
8trtzh,Attack Dog,skill,Companion will follow the Handler and deal 20% additional damage.  SINGLE PRESS: Companion engages enemies near the targeted location.  DOUBLE TAP: Companion returns to the Handler and remains by their side.  HOLD: Howl increases damage by 20% for all allies within 20m. Lasts 20s.,https://remnant.wiki/Attack_Dog
xpqq62,Bulletstorm,skill,Unleashes the full power and speed of the Gunslinger. Increases Fire Rate 20% and Reload Speed 50% of all ranged weapons. Lasts 20s.  Single Shot Weapons become fully-automatic. Kills instantly reload the current weapon.  Instead of becoming fully-automatic  Bows and Crossbows gain 15% Critical Chance and 50% increased Projectile Speed.,https://remnant.wiki/Bulletstorm
9w7c5j,Chaos Gate,skill,Conjures a 7m unstable zone which grants stacks of UNBRIDLED CHAOS. Lasts 20s.  UNBRIDLED CHAOS: Allies gain 0.7% to All Damage dealt and receive 0.3% damage taken. Stacks up to 50 times. Lasts 10s.  Having any stacks grants 10% Mod Generation.,https://remnant.wiki/Chaos_Gate
ux5f9v,Deathwish,skill,Negates all healing to self. Drain 300% Health over 20s. Increases all Damage by 50% and grants 10% Base Damage dealt as Lifesteal.,https://remnant.wiki/Deathwish
tt4r61,Drone: Combat,skill,Deploy Combat Drone with 100 Energy Reserves to follow and protect its Warded Target.  The Warded Target gains 10% increased Fire Rate and Melee Speed and 10% faster firearm charge time. While in combat  the Drone attacks the Warded Target's focused enemy  consuming 10 Energy per barrage.  When idle for 5s  the drone goes Dormant  then gains 1% Energy Regen per second. When depleted of Energy the Drone goes Inactive  then gains 2% of Energy Regen per second until fully recharged.  SINGLE PRESS: Drone alters its Warded Target to the targeted ally. Max 1 Combat Drone per target.  DOUBLE TAP: Drone returns to the Warden and remains by their side.  HOLD: Stow Drone to gain 4% Energy Regen per second.  ,https://remnant.wiki/Drone_Combat
966uvg,Drone: Heal,skill,Deploy Heal Drone with 100 Energy Reserves to follow and protect its Warded Target.  The Warded Target gains 10% increased Relic Use Speed. When the Warded Target is not at Max Health  the Drone consumes 15 Energy to heal 10% of the target's Max Health once every 1s.  When idle for 5s  the Drone goes Dormant  then gains 1% Energy Regen per second. When depleted of Energy the Drone goes inactive  then gains 2% of Energy Regen per second until fully recharged.  SINGLE PRESS: Drone alters its Warded Target to the targeted ally. Max 1 Heal Drone per target.  DOUBLE TAP: Drone returns to the Warden and remains by their side.  HOLD: Stow Drone to gain 4% Energy Regen per second.,https://remnant.wiki/Drone_Heal
wqicx7,Drone: Shield,skill,Deploy Shield Drone with 100 Energy Reserves to follow and protect its Warded Target.  The Warded Target gains 10% increased Damage Reduction. When the Warded Target is not at Max SHIELD Capacity  the Drone consumes 25 Energy to grant a SHIELD for 8% of the target's Max Health once every 2s. Shields from the Drone last until removed by damage  altering the Warded Target  or the drone is Stowed.  When idle for 5s  the Drone goes Dormant  gaining 1% Energy Regen per second. When depleted of Energy the Drone goes Inactive  then gains 1.5% Energy Regen per second until fully recharged.  SINGLE PRESS: Drone alters its Warded Target to the targeted ally. Max 1 Shield Drone per target.  DOUBLE TAP: Drone returns to the Warden and remains by their side.  HOLD: Stow Drone to gain 4% Energy Regen per second. ,https://remnant.wiki/Drone_Shield
amqa83,Eruption,skill,Creates 1m explosion for 50 damage on all enemies within 15m. Explosion Radius and Damage increases 100% for each unique Status Effect on the target. Refreshes all current Status Effects on the target.,https://remnant.wiki/Eruption
dajt58,Fortune Hunter,skill,Increases the Explorer's Treasure Sense to reveal special items within 40m for all allies. Lasts 60s.,https://remnant.wiki/Fortune_Hunter
a2cik2,Gold Digger,skill,Dig into the ground to spring a fountain which grants a random buff. Fountains last 45s and their buff lasts 20s.  Fountains can grant either: 10% increased All Damage dealt  15% Damage Reduction  2 Health Regeneration per second  or HASTE.,https://remnant.wiki/Gold_Digger
gpr2fw,Guard Dog,skill,Companion will follow the Handler and generate 15% increased Threat while attacking. All damage to them is reduced by 20%.  SINGLE PRESS: Companion engages enemies near the targeted location.  DOUBLE TAP: Companion returns to the Handler and remains by their side.  HOLD: Howl reduces damage by 15% to all allies within 20m and the Companion generates additional Threat. Lasts 20s.,https://remnant.wiki/Guard_Dog
y72au6,Havoc Form,skill,Unleashes the power of the Labyrinth to empower the caster with new abilities. Lasts 30s.  Duration is reduced when Havoc Form special abilities are used.  FIRE: Blasts Lightning Tendrils from the Archon's hand  dealing 48 SHOCK Damage every 0.35s second to targets within 15m.  AIM: Raises a 3m Energy Shield which reduces incoming damage to all allies by 50%.  DODGE: Performs a Blink Evade that deals 150 SHOCK damage to enemies within 5m.,https://remnant.wiki/Havoc_Form
8pu6y2,Healing Shield,skill,The Medic quickly expels healing energy to SHIELD all allies within 25m for 100% of their Max Health for 10s. While shielded  allies regenerate 20% of their Max Health over the duration.,https://remnant.wiki/Healing_Shield
6fk8ea,Heavy Weapon: Flamethrower,skill,PRESS: Deploys a Flamethrower Turret which lasts until its Ammo is exhausted. Turrets that can aim will prioritize targets that the player Aims at. Press SKILL again to enable autonomous targeting.  HOLD: Deploys to Heavy Carry Mode. If Engineer Prime is available  will Overclock the weapon if already in hand or on the battlefield.  DOUBLE PRESS: The weapon is reclaimed  returning 75% of its remaining Ammo.  Heavy Weapon Ammo is regenerated by 1.02% every second  and Heavy Weapons can only be deployed if at least 25% Ammo is available.,https://remnant.wiki/Heavy_Weapon:_Flamethrower
ki92op,Heavy Weapon: Impact Cannon,skill,PRESS: Deploys a Impact Cannon Turret which lasts until its Ammo is exhausted. Turrets that can aim will prioritize targets that the player Aims at. Press SKILL again to enable autonomous targeting.  HOLD: Deploys to Heavy Carry Mode. If Engineer Prime is available  will Overclock the weapon if already in hand or on the battlefield.  DOUBLE PRESS: The weapon is reclaimed  returning 75% of its remaining Ammo.  Heavy Weapon Ammo is regenerated by 1.02% every second  and Heavy Weapons can only be deployed if at least 25% Ammo is available.,https://remnant.wiki/Heavy_Weapon:_Impact_Cannon
pgmn4v,Heavy Weapon: Vulcan,skill,PRESS: Deploys a Vulcan Cannon Turret which lasts until its Ammo is exhausted. Turrets that can aim will prioritize targets that the player Aims at. Press SKILL again to enable autonomous targeting.  HOLD: Deploys to Heavy Carry Mode. If Engineer Prime is available  will Overclock the weapon if already in hand or on the battlefield.  DOUBLE PRESS: The weapon is reclaimed  returning 75% of its remaining Ammo.  Heavy Weapon Ammo is regenerated by 1.02% every second  and Heavy Weapons can only be deployed if at least 25% Ammo is available.,https://remnant.wiki/Heavy_Weapon:_Vulcan
5jh6qr,Hunter's Focus,skill,Continuously Aiming Down Sights uninterrupted and without shooting for 0.5s causes the Hunter to enter a FOCUSED state. Wears off after 0.75s of leaving Aim. Lasts 25s.  FOCUSED reduces Weapon Spread  Recoil  and Sway by 50% and grants 25% Ranged & Ranged Weakspot Damage.  While FOCUSED  Aiming at enemies will automatically apply MARK.  FOCUSED state can last up to 10s after the Skill duration expires.  MARK: Crit Chance against MARKED enemies is increased by 10% for all allies.,https://remnant.wiki/Hunter's_Focus
jg82hi,Hunter's Mark,skill,Increases the Hunter's spatial awareness by casting an Aura that automatically applies MARK to all enemies within 35m. While senses are heightened  Hunter also gains 15% increased Ranged and Melee damage. Lasts 25s.  MARK: Crit Chance against MARKED enemies is increased by 10% for all allies.,https://remnant.wiki/Hunter's_Mark
ufkx9q,Hunter's Shroud,skill,Hunter becomes Shrouded  reducing enemy awareness and making them harder to hit while moving. Attacking or activating a Mod or Skill will instantly exit Shroud.  Exiting Shroud applies MARK to all enemies within 10m and grants AMBUSH to the Hunter for 2s.  AMBUSH: Increases Ranged and Melee Damage by 50% which diminishes over its duration. Ranged and Melee attacks apply MARK.  Hunter will automatically Shroud again after 1.15s if no offensive actions are performed.  Lasts 15s.  MARK: Crit Chance against MARKED enemies is increased by 10% for all allies.,https://remnant.wiki/Hunter's_Shroud
p7x9pq,Juggernaut,skill,Become nearly unstoppable  gaining 3 Stacks of BULWARK  15% Movement  Melee Speed  and Reduced Stamina Cost. Increases Melee damage by 50%. Stagger Level reduced by 1. Lasts 25s.,https://remnant.wiki/Juggernaut
3er3og,Miasma,skill,Casts an AOE burst that applies BLEEDING  BURNING  OVERLOADED  and CORRODED to all enemies within 15m  and dealing a total 300 base damage. Lasts 10s.,https://remnant.wiki/Miasma
o7pvqx,Minion: Flyer,skill,Summons a Root Flyer Minion to fight by your side. Costs 10% of Max Health to summon  but will not kill Summoner. Max (2).  HOLD: SACRIFICE Root Flyer Minions  dealing 50 Damage within 3m and spawning 3 homing projectiles which explode on contact for 150 damage each.  Reduces Skill Cooldown by up to 50% based on remaining Health of each Minion Sacrificed.,https://remnant.wiki/Minion:_Flyer
kk4yre,Minion: Hollow,skill,PRESS: Summons a Root Hollow Minion to fight by your side. Costs 15% of Max Health to summon  but will not kill Summoner. Max (2).  HOLD: SACRIFICE Root Hollow Minions to explode  dealing 150 damage within 5m. Reduces Skill Cooldown by up to 50% based on remaining Health of each Minion Sacrificed.,https://remnant.wiki/Minion:_Hollow
gs8zdv,Minion: Reaver,skill,PRESS: Summons a Root Reaver Minion to fight by your side. Costs 35% of Max Health to summon  but will not kill Summoner. Max (1).  HOLD: SACRIFICE Root Reaver Minion  dealing 200 Damage within 6m and spawning Spore Bombs which bounce and explode on contact for 200 damage each.  Reduces Skill Cooldown by up to 50% based on remaining Health of Minion.,https://remnant.wiki/Minion:_Reaver
a585sp,Plainswalker,skill,Increases Movement Speed by 20% and reduces Stamina Cost by 80% for all allies. Lasts 30s.,https://remnant.wiki/Plainswalker
qdxjt7,Quick Draw,skill,Pull out your trusty side piece and upload up to 6 Critical Shots from the hip. Each shot deals 52 base damage and double stagger value.  PRESS: Instantly fires towards all enemies in view within 25m. Upon release  rounds will be divided evenly among all targets.  HOLD & RELEASE: Allows manual Aim and fires one single powerful shot upon release.,https://remnant.wiki/Quick_Draw
wyw9r4,Rampage,skill,Enters a heightened state of battle which increases Fire Rate by 10%  Reload Speed by 25%  and Movement Speed by 15%. Lasts 10s.  Kills and dealing significant damage grant 1 Stack of RAGE which increases Ranged Damage by 2.5% per Stack. Upon reaching 10 Stacks  the Challenger goes BERSERK  which reloads their current firearm and doubles Rampage effects for 15s.,https://remnant.wiki/Rampage
i3ddi7,Reality Rune,skill,Conjures a 7m protective dome which applies SLOW to any enemy or enemy projectile. Allies inside gain 25% Damage Reduction and automatically generate 50 Mod Power per second. Lasts 15s.,https://remnant.wiki/Reality_Rune
xx6sib,Reboot,skill,Initiates a Data Backup of the caster's current Health  Stamina  Relic Charges  Ammo  and Negative Status Effects  which are stored for 30s.  While the Backup is active  increases Movement Speed by 15% and Damage Reduction by 10%.  Reactivating the Skill restores all saved values from the Backup and spawns a Decoy which lasts 3s.,https://remnant.wiki/Reboot
zs77cb,Redemption,skill,The Medic unleashes a 30m shockwave that revives downed allies and restores 50% Max Health over 10s. For each additional 1s holding the SKILL button  the heal gains an additional 50% (up to 200% max).  Revived allies will only receive 50% of the healing amount. If revived  allies cannot be revived again by Redemption for another 180s. Resets at Worldstone or on death.,https://remnant.wiki/Redemption
jn34u8,Sidewinder,skill,Calls upon the power of the Desert Sidewinder snake to increase ADS Movement Speed by 50% and Draw/Swap Speed by 35%. Cycling weapons will automatically reload incoming Firearms. When a Weapon Swap provides Ammo to an incoming weapon  Duration is reduced by 6s. Lasts 60s.,https://remnant.wiki/Sidewinder
jz6x2w,Support Dog,skill,Companion will follow the Handler and continuously heal allies within 3.5m for 0.25% of Max Health per second.  SINGLE PRESS: Companion engages enemies near the targeted location.  DOUBLE TAP: Companion returns to the Handler and remains by their side.  HOLD: Howl grants 2% of Max Health per second and 25% increased Movement Speed to all allies within 20m. Lasts 25s.,https://remnant.wiki/Support_Dog
76554i,Vial: Elixir of Life,skill,Creates a mysterious vapor cloud which lasts 10s and applies LIVING WILL.  LIVING WILL grants 5 Health Regeneration per second  and protects against fatal damage. Can revive downed players. Lasts 20s.  Revived allies cannot be affected by Living Will for 180s. Resets at Worldstone or on death.  PRESS: Slam Vial on the ground  creating the effect at the Alchemist's feet.  HOLD & RELEASE: Aim and throw the Vial causing the same effect where it lands.,https://remnant.wiki/Vial:_Elixir_of_Life
xsniv3,Vial: Frenzy Dust,skill,Creates a mysterious vapor cloud which lasts 10s and applies FRENZIED.  FRENZIED increases Fire Rate  Reload Speed  and Melee Speed by 20%  and Movement Speed by 15%. Lasts 15s.  PRESS: Slam Vial on the ground  creating the effect at the Alchemist's feet.  HOLD & RELEASE: Aim and throw the Vial causing the same effect where it lands.,https://remnant.wiki/Vial:_Frenzy_Dust
y7ia9t,Vial: Stone Mist,skill,Creates a mysterious vapor cloud which lasts 10s and applies STONESKIN.  STONESKIN reduces incoming damage by 25%  reduces Stagger by 1  greatly increases Blight Buildup Decay Rate  and makes the target immune to STATUS Effects. Lasts 15s.  PRESS: Slam Vial on the ground  creating the effect at the Alchemist's feet.  HOLD & RELEASE: Aim and throw the Vial causing the same effect where it lands.,https://remnant.wiki/Vial:_Stone_Mist
hvcxo8,Void Cloak,skill,Automatically Perfect Dodge incoming direct damage for 60s. Each auto-evade reduces timer by 33% - 100% based on damage absorbed and spawns a Decoy for 3s.,https://remnant.wiki/Void_Cloak
qnz5iw,War Stomp,skill,Creates a high-impact tremor that deals 150 damage and additional stagger in a forward cone up to 7.5m. Deals damage in all directions at point blank range.,https://remnant.wiki/War_Stomp
h4B9dD,Way of Kaeula,skill,Invoke Kaeula to cast a Tidal Wave  dealing 150 Elemental damage and conjuring a 30m Rainstorm for 15s. Allies inside Rainstorm gain HASTE. Enemies inside Rainstorm gain DRENCHED for 10s.  DRENCHED: Reduces Movement Speed by 10%. Every few seconds  lightning strikes enemies dealing 300 base SHOCK damage split among DRENCHED targets.,https://remnant.wiki/Way_of_Kaeula
T2xA6c,Way of Lydusa,skill,Invoke Lydusa to infuse Ranged and Melee Damage with the power to apply BRITTLE  allowing the Invoker to generate Sand Devils through damage or kills. Lasts 15s  Reactivating the skill consumes all Sand Devils generated and casts a 15m Sand Blast dealing 100 Elemental Damage per charge. Max 10 charges.  BRITTLE: Increases incoming Critical Chance by 10% and Critical Damage by 15%.,https://remnant.wiki/Way_of_Lydusa
7DnBmE,Way of Meidra,skill,Invoke Meidra to heal all allies for 20% Max Health over 1.5s and conjure a 20m Forest Growth for 15s. After fully blooming  allies in the Forest Growth heal 2% Max Health per second and gain 3% of base damage dealt as Lifesteal. Enemies inside Forest Growth gain GLOOM for 10s.  GLOOM: Increases incoming Elemental damage by 15%.  Cooldown: 120s.,https://remnant.wiki/Way_of_Meidra
7vtxrx,Wellspring,skill,The Medic channels healing energy into their fist  punching a hole into the ground to create a 3m Healing Spring AOE which restores 10 Health per second and greatly increases Blight Decay Rate. Lasts 15s.,https://remnant.wiki/Wellspring
y9oqq6,Worm Hole,skill,Warps the caster forward through space-time. The next Melee or Ranged attack within 5s will deal 300% increased damage. Counts as a Perfect Dodge.  Holding the Skill button will show the targeting device. If an enemy is directly targeted  the caster will emerge behind them.,https://remnant.wiki/Worm_Hole
zk8f7a,Academic's Overcoat,torso,Donning this uniform makes you feel a touch smarter  and you can't help but straighten the necktie whenever it slips loose.,https://remnant.wiki/Academic's_Overcoat
h04d6v,Bandit Jacket,torso,Little more than a coat  stitched together from scraps of leather and whatever else could be scavenged from the wasteland. While it may provide a small degree of protection against the elements  it's hardly suitable for combat and is more of a fashion statement than anything else.,https://remnant.wiki/Bandit_Jacket
batshi,Battle Shirt,torso,A simple  standard-issue army shirt made from a durable canvas composite. It's seen a lot of action but was clearly carefully maintained. There appears to be some kind of tag above the pocket  but whatever it once said  time washed it away long ago.,https://remnant.wiki/Battle_Shirt
trz2cm,Bruiser Bodyplate,torso,This thing is difficult to put on or take off and makes you feel like a walking tank. In the thick of battle  that's exactly what you're looking for.,https://remnant.wiki/Bruiser_Bodyplate
hz7ddb,Crimson Guard Plate,torso,This heavy suit of armor encumbers your shoulders with weight befitting the burdens of a sovereign. It emits a faint heat  as if forged from an ever-hot metal.,https://remnant.wiki/Crimson_Guard_Plate
w4emjx,Cultist Duster,torso,More symbolic than functional  it's adorned with trinkets and ornaments instead of providing significant protection. The coat's drab color blends in with the bleak  post-apocalyptic landscape  serving as a visible sign of the wearer's allegiance to the Root,https://remnant.wiki/Cultist_Duster
uoddub,Dendroid Chest,torso,Fibrous tentacles wrap themselves around your chest. Up until now  you've resolutely avoided this situation.,https://remnant.wiki/Dendroid_Chest
ddddub,Disciple Mantle,torso,The pauldrons bear the mirrored faces of Meidra and Kaeula  who always journeyed together in their ethereal wanderings  for Meidra's flowers could not bloom so lovely without Kaeula's rains.,https://remnant.wiki/Disciple_Mantle
zu64t4,Elder Raiment,torso,A distinctive piece of protective gear originating from Yaesha. Its vibrant red color and fur adornments make it stand out  serving as a symbol of the wearer's status and skill. While it may not provide as much protection as some other types of armor  its lightweight construction and flexible design allow for exceptional mobility and ease of movement in combat.,https://remnant.wiki/Elder_Raiment
0sm6sn,Fae Royal Bodyplate,torso,The royal guard do not wear insignias on their chests nor crests on their shield. It is assumed their identify is clear from their grab and the confidence with which they carry themselves.,https://remnant.wiki/Fae_Royal_Bodyplate
m07a0z,Field Medic Overcoat,torso,A long coat over a plate of armor. The metal could be thicker  sure  but your primary concern is safe and speedy travel to the wounded.,https://remnant.wiki/Field_Medic_Overcoat
uszg5g,High Noon Duds,torso,A rugged amalgamation of canvas  denim  leather  and steel. These different materials all serve the same purpose of keeping you covered without inhibiting aiming mobility.,https://remnant.wiki/High_Noon_Duds
n92z22,Knotted Cage,torso,Tightly coiled bark shrouds you like a second ribcage. Its embrace is surprisingly-and frighteningly-comforting.,https://remnant.wiki/Knotted_Cage
ivwkr5,Labyrinth Mantle,torso,Though the cloth and tassels possess a seemingly primitive design  the pure energy wracking down your spine reminds you otherwise.,https://remnant.wiki/Labyrinth_Mantle
y1xt79,Leto Mark 1 Armor,torso,An impressive prototype engineered to safeguard against any danger from the Root  but its cutting-edge technology sacrifices agility and mobility in exchange for unparalleled protection ,https://remnant.wiki/Leto_Mark_1_Armor
ioksvz,Leto Mark II Armor,torso,A masterpiece of impenetrability. Even though quick maneuvering is near impossible in this metal behemoth  you can't help but be impressed by the ingenuity of the design and the inspired craftsmanship.,https://remnant.wiki/Leto_Mark_II_Armor
4rt0f9,Nanoplated Vestments,torso,The light-plated design of this armor protects not only flesh  but a[sic] highly advanced artificial nervous system that conducts stellar energy to power the entire suit.  “Risynth Neko's reputation as a Seeker faltered in recent cycles due to a rumor arising about his addiction to ambit ember. His reputation was not the only one damaged during the civil debates regarding N'Erud jump [sic] but it was one of the most momentous.”,https://remnant.wiki/Nanoplated_Vestments
lqrdx5,Nightstalker Garb,torso,This old coat is shabby  but who's really looking? The wealth of interior ammunition pockets more than makes up for it.,https://remnant.wiki/Nightstalker_Garb
smq21h,Phetyr Chassis,torso,,https://remnant.wiki/Phetyr_Chasis
dd5s6k,Radiant Protector,torso,A dazzling sight  its golden surface featuring a stunning sun burst pattern etched into the chest. Adorned with blue gems embedded in the shoulders this armor is fit for only the most esteemed members of the Laemir,https://remnant.wiki/Radiant_Protector
2h9xgj,Realmwalker Tunic,torso,It's not even frayed. How is that possible? Unless the World Stones did the same thing to Ford's clothes as they did to Ford himself.,https://remnant.wiki/Realmwalker_Tunic
lude4p,Red Widow Raiment,torso,This chest piece must be hundreds -thousands- of years old  yet it shows no signis of rust or decay. One can only imagine a Pan king or queen wearing such  majestic regalia.,https://remnant.wiki/Red_Widow_Raiment
jwanjw,Space Worker Body,torso,It's made of some material you don't recognize - thick but highly pliable  did the Drzyr expect to get struck by out there?,https://remnant.wiki/Space_Worker_Body
jr8r1l,Survivor Overcoat,torso,A combination of a sturdy metal chest plate and a worn  leather trench coat that provides some protection against the elements. It's clear that the are together with practicality in mind  rather than aesthetics.,https://remnant.wiki/Survivor_Overcoat
0c35xs,Technician Bodyplate,torso,The Xul were engineers and builders  but this armor was made to withstand a grenade blast. Was this built for safety or something else?,https://remnant.wiki/Technician_Bodyplate
ldli1k,Trainer Clothes,torso,This isn't just any denim jacket  it's your denim jacket. It's not especial pale. 7 ready  but it's comfortable  and in it you feel ready for anything.,https://remnant.wiki/Trainer_Clothes
rmq9je,Void Carapace,torso,Crafted from the same mysterious material as the Void gloves  helm  and greaves  the chest armor completes the set's unsettling aesthetic. Its angular design is both practical and intimidating  providing unparalleled protection against the deadly environments and creatures of Rhom.,https://remnant.wiki/Void_Carapace
ym0mau,Zealot's Overcoat,torso,This long and tattered cloak is ideal for skulking about in the dead of night in pursuance of iniquitous aims. If you ever see the back of this cloak ahead of you  you would do well to run. If you ever see its wearer facing you  it is already too late.,https://remnant.wiki/Zealot's_Overcoat
dj8zx4,Affliction,trait,Increases STATUS EFFECT duration against enemies by 10 -> 100%.  RITUALIST Archetype Trait,https://remnant.wiki/Affliction
wu3w8t,Ammo Reserves,trait,Increases Ammo Reserves by 5% -> 50%.  GUNSLINGER Archetype Trait,https://remnant.wiki/Ammo_Reserves
pb5neu,Amplitude,trait,Increases AOE and AURA Size by 5 -> 50%.,https://remnant.wiki/Amplitude
6o5ckl,Arcane Strike,trait,Increases Mod Power Generation from Melee Damage by 5 -> 50%.,https://remnant.wiki/Arcane_Strike
2vgobq,Barkskin,trait,Reduces all incoming damage by 1 -> 10%.,https://remnant.wiki/Barkskin
9c311c,Barrier,trait,Increases SHIELD amount by 1.5% -> 15%.,https://remnant.wiki/Barrier
1ke6u2,Blood Bond,trait,Summoner Minions absorb 1 -> 10% of damage taken by the caster.,https://remnant.wiki/Blood_Bond
yvttbq,Bloodstream,trait,Increases Grey Health Regeneration by 0.3/s -> 3/s.,https://remnant.wiki/Bloodstream
k8sebP,Chakra,trait,Increases Mod Duration by 3 -> 30%.,https://remnant.wiki/Chakra
mjkf4t,Dark Pact,trait,Increases Grey Health Conversion Rate by 3 -> 30%.,https://remnant.wiki/Dark_Pact
wgzz0q,Endurance,trait,Increases Max Stamina by 3 -> 30.,https://remnant.wiki/Endurance
6kxk5x,Expertise,trait,Reduces Skill Cooldowns by 2% -> 20%.,https://remnant.wiki/Expertise
qcvmt0,Fitness,trait,Increases Evade Distance by 3 -> 30%.,https://remnant.wiki/Fitness
m6i4dl,Flash Caster,trait,Increases Mod and Skill Casting Speed by 5 -> 50%.  ARCHON Archetype Trait.,https://remnant.wiki/Flash_Caster
ay1dkh,Footwork,trait,Increases Movement Speed while Aiming by 5 -> 50%.,https://remnant.wiki/Footwork
osj7se,Fortify,trait,Increases Armor Effectiveness by 5% -> 50%.  ENGINEER Archetype Trait,https://remnant.wiki/Fortify
c9af3B,Gifted,trait,Increases Skill Duration by 30%.  INVOKER Archetype Trait,https://remnant.wiki/Gifted
cvsois,Glutton,trait,Increases the Use Speed of Consumables and Relics by 3.5% -> 35%.,https://remnant.wiki/Glutton
8baa52,Handling,trait,Reduces Weapon Spread and Recoil by 3% -> 30%.,https://remnant.wiki/Handling
3kbtu8,Insight,trait,Automatically generate 1 Mod Power per second.,https://remnant.wiki/Insight
vn3gsg,Kinship,trait,Reduces Friendly Fire Damage Dealt and Received by 8% -> 80%.  HANDLER Archetype Trait.,https://remnant.wiki/Kinship
o6mx3t,Leech,trait,Increases Lifesteal Efficacy by 5 -> 50%.,https://remnant.wiki/Leech
157qcj,Longshot,trait,Increases Weapon Ideal Range by 0.6m -> 6m.  HUNTER Archetype Trait,https://remnant.wiki/Longshot
7pxnhi,Perception,trait,Increases HASTE by 0.3 -> 3% and SLOW by 1 -> 10%.,https://remnant.wiki/Perception
v1uiyd,Potency,trait,Increases Consumable Duration by 10% -> 100%.  ALCHEMIST Archetype Trait.,https://remnant.wiki/Potency
gq7w6z,Preservation,trait,Increases SHIELD Duration Received 3 -> 30%.,https://remnant.wiki/Preservation
7z3ejv,Recovery,trait,Increases Stamina Regen by 3 -> 30/s.,https://remnant.wiki/Recovery
ysp1wu,Regrowth,trait,Increases Health Regeneration by 0.15/s -> 1.5/s.  SUMMONER Archetype Trait,https://remnant.wiki/Regrowth
7z3ejd,Resolute,trait,Reduces Hit Reaction Time by 2.5% -> 25%.,https://remnant.wiki/Resolute
a4idgl,Revivalist,trait,Increases the speed of Reviving and being Revived by 5 -> 50%.,https://remnant.wiki/Revivalist
ykxzf1,Rugged,trait,Increases the Health of Archetype Summons by a 10 -> 100% .,https://remnant.wiki/Rugged
6j7cn1,Scholar,trait,Increases Experience Gain by 1 -> 15%.,https://remnant.wiki/Scholar
jk0ot9,Shadeskin,trait,Increases Elemental Damage Resistance by 2 -> 20%.,https://remnant.wiki/Shadeskin
x9umnf,Siphoner,trait,Grants 0.3 -> 3.0% base damage as Lifesteal.,https://remnant.wiki/Siphoner
p4b2v6,Spirit,trait,Increases Mod Power Generation by 2% -> 20%.,https://remnant.wiki/Spirit
sd2hry,Strong Back,trait,Increases Dodge Weight Threshold by 1.5 -> 15.  CHALLENGER Archetype Trait,https://remnant.wiki/Strong_Back
3ochlm,Swiftness,trait,Increases Movement Speed by 1% -> 15%.  Increases Environmental Movement Speed by 5% - 50%.  (Vaulting  Ladders  Wading)  EXPLORER Archetype Trait.,https://remnant.wiki/Swiftness
pbak5a,Triage,trait,Increases Healing by 5% -> 50%.  MEDIC Archetype Trait,https://remnant.wiki/Triage
pkmmg6,Untouchable,trait,Increases Evade Window by 3% -> 30%.  INVADER Archetype Trait,https://remnant.wiki/Untouchable
o6mx2t,Vigor,trait,Increases Max Health by 3 -> 30.,https://remnant.wiki/Vigor
va7cfd,AS-10 "Bulldog",weapon,A brutal drum-fed fully-automatic 10 gauge shotgun designed for close-quarters combat.,https://remnant.wiki/AS-10_"Bulldog"
sd4nzf,Abyssal Hook,weapon,A hammer-like anchor that swings with an exceptionally irregular ferocity.,https://remnant.wiki/Abyssal_Hook
1ub6k9,Alpha / Omega,weapon,Charge shot fires a burst of five energy bolts. Each hit reduces charge time by 0.1s and increases damage by 10% for 1.5s. Stacks 5x.,https://remnant.wiki/Alpha_/_Omega
r2o474,Anguish,weapon,Fires heated bits of molten slag. Can be charged to fire a single explosive rod at the cost of causing damage to the wielder while charging.,https://remnant.wiki/Anguish
3wprfw,Aphelion,weapon,Fires a hypercharged wide-arching line that passes through targets.,https://remnant.wiki/Aphelion
bv9wps,Assassin's Dagger,weapon,Lightweight. Silent. Deadly. It's rumored that the blade is meant to bestow a slow  agonizing death.,https://remnant.wiki/Assassin's_Dagger
lrk5hf,Atom Smasher,weapon,A powerful crushing device that harnesses rocket technology to increase smashing force.,https://remnant.wiki/Atom_Smasher
e7c88o,Atom Splitter,weapon,A giant tool for splitting heavy rocks.,https://remnant.wiki/Atom_Splitter
71k6w5,Black Greatsword,weapon,A massive weapon of pure destruction. Attacks can be enhanced by Charging at the cost of Stamina over time. Increases Encumbrance by 15.,https://remnant.wiki/Black_Greatsword
phh1xe,Blackmaw AR-47,weapon,A fully automatic rifle with a medium capacity. Highly effective with controlled bursts.,https://remnant.wiki/Blackmaw_AR-47
nxfxlp,Blade of Gul,weapon,A short  but thick sword  used by Gul Warriors. Its compact design makes for swift yet hard-hitting blows. An excellent close-range option.,https://remnant.wiki/Blade_of_Gul
d388ma,Bolt Driver,weapon,An ingenius Gul rifle designed to harness energy from Pan crystals. Charge to fire a 3-shot burst.,https://remnant.wiki/Bolt_Driver
e6y7fy,Bone Chopper,weapon,A razor-sharp hand axe. Excellent for separating flesh from bone. Charge for double attacks.,https://remnant.wiki/Bone_Chopper
59oddb,Chicago Typewriter,weapon,A classic Tommy Gun with large ammo capacity and a slow reload. Poor initial accuracy which improves while holding down the trigger.,https://remnant.wiki/Chicago_Typewriter
i0hvy8,Coach Gun,weapon,A double-barrel over/under shotgun modified to fire powerful slugs. High damage with a decent fire rate  but very low magazine capacity.,https://remnant.wiki/Coach_Gun
w85ya8,Corrupted Aphelion,weapon,A laser shotgun that fires three hypercharged arc lines that penetrate targets.,https://remnant.wiki/Corrupted_Aphelion
Gkemt8,Corrupted Arbalest,weapon,Fully automatic mechanisms launch a bouncing Energy Disc that can hit up to 2 enemies in close proximity. Damage is reduced after bouncing.,https://remnant.wiki/Corrupted_Arbalest
mSSxW6,Corrupted Cube Gun,weapon,Fusion charged auto-cannon generates cubes which penetrate. Infinite ammo capacity. Can overheat. Cannot score Weakspot hits.,https://remnant.wiki/Corrupted_Cube_Gun
k9w4yh,Corrupted Deceit,weapon,A pinpoint accurate split-barreled rifle that fires two penetrating rails. High base damage  but cannot score Weakspot hits. Charge to fire.,https://remnant.wiki/Corrupted_Deceit
8i85za,Corrupted Merciless,weapon,Fires high-powered nails. Limited magazine size.,https://remnant.wiki/Corrupted_Merciless
yw1btj,Corrupted Meridian,weapon,Fires rocket that deals AOE damage within 2m. Charging the weapon can load additional rockets. (Max 3). Cannot Weakspot.,https://remnant.wiki/Corrupted_Meridian
8u8j4G,Corrupted Nebula,weapon,Semi-automatic laser weapon. Weakspot hits and kills create a Nano-bot for 8s that seeks enemies within 20m and repeatedly attacks dealing 6 → 18 ACID damage per hit. Max 5 Nano-bots.,https://remnant.wiki/Corrupted_Nebula
id5pbt,Corrupted Rune Pistol,weapon,A pistol infused with erroneous properties. Fires energy  allowing the trigger to be held for continuous fire.,https://remnant.wiki/Corrupted_Rune_Pistol
W6n2mT,Corrupted Savior,weapon,A Black Crystal weapon which gains increased Fire Rate as Mod Power is generated. Mod power drains after 3s of not dealing damage.,https://remnant.wiki/Corrupted_Savior
zrP64k,Corrupted Sorrow,weapon,Innately cannot harm allies. Fires bolts which anchor to targets for 6s. Max 10 bolts anchored at once.,https://remnant.wiki/Corrupted_Sorrow
p7wc7k,Crescent Moon,weapon,An ethereal weapon that seems to resonate.  Can be charged for more damage. Perfect release after Charge for maximum damage.,https://remnant.wiki/Crescent_Moon
x94ze2,Crossbow,weapon,An accurate and deadly single-shot crossbow with a low sound profile.,https://remnant.wiki/Crossbow
CMo9vJ,Crystal Staff,weapon,The staff hums with energy. A destructive power within yearns to be released.,https://remnant.wiki/Crystal_Staff
zn3boo,Cube Gun,weapon,Projectiles return on hit or after reaching max range. Reloading retrieves shot projectiles. Max 5 fired projectiles. Infinite ammo. Can overheat.,https://remnant.wiki/Cube_Gun
p1o9av,Dark Matter Gauntlets,weapon,The gauntlets harness the power of a neutron star and a black hole. When merged  cosmic forces are unleashed.,https://remnant.wiki/Dark_Matter_Gauntlets
y1a0bu,Decayed Claws,weapon,Makeshift claws fashioned from decayed root and rusted metal.,https://remnant.wiki/Decayed_Claws
hlmpjl,Deceit,weapon,A pinpoint accurate split-barreled rifle that fires two penetrating rails. High base damage  but cannot score Weakspot hits. Charge to fire.,https://remnant.wiki/Deceit
ztz84h,Double Barrel,weapon,A double-barrel shotgun which can deal massive damage at close range with back to back shots.,https://remnant.wiki/Double_Barrel
3sxr9y,Dreamcatcher,weapon,A magical stave capable of harnessing the energy of nearby enemies.,https://remnant.wiki/Dreamcatcher
6c7rqm,Edge of the Forest,weapon,An elegant  yet light blade  designed to bring beauty to bloodshed. Unstoppable in the hands of a master swordsman.,https://remnant.wiki/Edge_of_the_Forest
d06hjq,Enigma,weapon,Fires an electrical stream that jumps to nearby targets within 7.5m  dealing 30% reduced damage per jump. Applies OVERLOADED.,https://remnant.wiki/Enigma
umb305,Feral Judgement,weapon,A pair of gauntlets with sharp bone blades that strike with vicious speed and velocity.,https://remnant.wiki/Feral_Judgement
8n3e07,Ford's Scattergun,weapon,An incredibly powerful 12 gauge shotgun with a wide spread. High damage  slow reload.,https://remnant.wiki/Ford's_Scattergun
c58759,Gas Giant,weapon,Dealing damage unleashes the dormant Toxic Gas within the head. When infused  Basic Attacks apply CORRODED for 5s.,https://remnant.wiki/Gas_Giant
okmk07,Genesis,weapon,N'Erudian tool with low energy reserves that generates energy bolts. Charging turbines generates additional projectiles. Max 5.,https://remnant.wiki/Genesis
a23oaa,Godsplitter,weapon,An expertly balanced blade that is the product of advanced Fae metallurgy. Cannot score Weakspot hits without its Mod behavior.,https://remnant.wiki/Godsplitter
5xx5zt,Harvester Scythe,weapon,Harvester automaton limb fitted with a plasma torch. The system breach of a Drzyr phantom initiated jettisoned protocols  trapping strange properties within the makeshift weapon.,https://remnant.wiki/Harvester_Scythe
797iqq,Hellfire,weapon,Spews flames that apply BURNING which deals 300 → 900 FIRE damage over 10 seconds.,https://remnant.wiki/Hellfire
5o3cq4,Hero's Sword,weapon,An ancient  quick  and versatile blade suited for many situations. Contains a hidden power.,https://remnant.wiki/Hero's_Sword
cda7lb,Huntmaster M1,weapon,A high-powered long range bolt-action rifle with exceptional accuracy and a 2.5x magnification scope.,https://remnant.wiki/Huntmaster_M1
0jefkc,Huntress Spear,weapon,A battle-worn spear worthy of the finest hunters. Charge Melee Attacks apply CORROSION dealing 100 ACID damage over 5s.,https://remnant.wiki/Huntress_Spear
5wy88e,Iron Greatsword,weapon,A giant broadsword made from flattened railroad tracks. Dozens of ridges cut in the side for causing irreparable damage.,https://remnant.wiki/Iron_Greatsword
as4bt4,Knuckle Dusters,weapon,Steel knuckles with rusty sawblade tips  designed to boost Unarmed damage.,https://remnant.wiki/Knuckle_Dusters
5gl3la,Krell Axe,weapon,Infused with Krell Shock magic  can be thrown if the wielder has stamina. Axe will magically reappear in hand. Charge to throw.,https://remnant.wiki/Krell_Axe
gts5dh,Labyrinth Staff,weapon,Basic Strikes generate 10% additional Mod Power. Charge Attacks perform an AOE which strikes all enemies within 2m  dealing 75 Damage. AOE Damage generates 50% additional Mod Power.,https://remnant.wiki/Labyrinth_Staff
ty2gsi,MP60-R,weapon,A small-caliber sub-machine gun best suited for close range skirmishes.,https://remnant.wiki/MP60-R
g3esv1,Merciless,weapon,Fires tooth-like flechettes. When weapon reticle is fully compressed  flechettes apply 200 → 600 BLEED damage over 10s.,https://remnant.wiki/Merciless
1ziutf,Meridian,weapon,Fires grenades that explode on contact with enemies and deal AOE damage within 4m. Dormant grenades eventually explode and can be shot to detonate early. Cannot Weakspot.,https://remnant.wiki/Meridian
6j7c6k,Mirage,weapon,The mace whirs as if living harmonics hold its shape. When swung  a breath of sand tethers to the rock crown for extended reach and lethal momentum.,https://remnant.wiki/Mirage
76622z,Monarch,weapon,An once-beautiful weapon  rumored to corrupt its wielder with absolute power.,https://remnant.wiki/Monarch
WjE2nZ,Monolith,weapon,Fires concentrated sand. Sustained primary fire and Sandstorm hits apply EXPOSED for 3s. Max 15s.  EXPOSED: Target receives 15% additional damage from all sources.,https://remnant.wiki/Monolith
oz9amG,Monorail,weapon,A mysterious relic that fires super-dense penetrating rails. Can be charged to unleash violent levels of energy. Warning: Overcharging may have catastrophic results.,https://remnant.wiki/Monorail
p7tsxr,Nebula,weapon,Fires a stream of superhot ACID gas which applies CORRODED effect  dealing 300 - 900 CORROSIVE Damage over 10s. Killing targets CORRODED by Nebula spawns a gas cloud which applies its on-hit effect. Gas clouds lasts 2s and can be refreshed.,https://remnant.wiki/Nebula
2fdvrf,Nightfall,weapon,A device forged of pure evil. Fires hardened bone shards at a brisk rate dealing bonus stagger. Semi-automatic with a medium kick.,https://remnant.wiki/Nightfall
6j7czk,Nightshade,weapon,Fast striking claws with a high Critical Hit chance. Neutral Dodge grants the power of Lifesteal.,https://remnant.wiki/Nightshade
0wto7p,Ornate Blade,weapon,An intricately-forged elongated sword. Designed to keep stronger enemies at bay  while remaining light enough for agile maneuvers.,https://remnant.wiki/Ornate_Blade
pwuhho,Ornate Flail,weapon,An intricately-forged flail with uniquely designed airways. Allows smaller wielders to get the weapon up to speed much quicker.,https://remnant.wiki/Ornate_Flail
7nwwzn,Plasma Cutter,weapon,An energy-based cutting tool that increases damage when focused on a target. Can overheat.,https://remnant.wiki/Plasma_Cutter
polgun,Polygun,weapon,ERROR: Unable to load description.ERROR: Unable to load description.,https://remnant.wiki/Polygun
vldebv,Pulse Rifle,weapon,An extremely accurate  high-tech pulse rifle which shoots quick three-round bursts.,https://remnant.wiki/Pulse_Rifle
qy94qr,Rebellion Spear,weapon,A spear perfect for staying at a distance. Has excellent range  great recovery  and focused direct damage for one on one combat.,https://remnant.wiki/Rebellion_Spear
oazjm0,Red Doe Staff,weapon,A magical stave rumored to contain a healing spirit within. Strikes with wide swings.,https://remnant.wiki/Red_Doe_Staff
0kob6g,Redeemer,weapon,Fires a tight grouping of World Stone slugs. Hits rip away a small portion of the enemy  sending it to another realm.  Incapable of standard Mod Generation.,https://remnant.wiki/Redeemer
5go8dn,Repair Tool,weapon,Fires a stream of nanomachines  dealing damage to enemies or healing allies for 3% of their Max Health per second. The nano-tech also restores N'Erudian Energy to Turrets and Drones.,https://remnant.wiki/Repair_Tool
pbtmmj,Repeater Pistol,weapon,An accurate semi-automatic pistol that can rapidly fire small-caliber bullets.,https://remnant.wiki/Repeater_Pistol
v6zmn3,Repulsor,weapon,Converted from experimental Dreamer tech  ideal for mid-range combat. Weapon becomes more accurate the longer AIM is held.,https://remnant.wiki/Repulsor
7hoogs,Ritualist Scythe,weapon,An evil-fueled reaping tool that deals additional damage to suffering targets.,https://remnant.wiki/Ritualist_Scythe
wogdou,Royal Broadsword,weapon,Standard issue Greatsword for the Empress' Royal Guards. Razor-sharp edges  extremely heavy  yet perfectly balanced.,https://remnant.wiki/Royal_Broadsword
8ouocq,Royal Hunting Bow,weapon,A lightweight  easy handling bow designed for hunting. High critical chance  bonus damage on Weakspot hits  and a low sound profile. Can be charged for more damage. Perfect release after Charge for maximum damage.,https://remnant.wiki/Royal_Hunting_Bow
2pblgq,Rune Pistol,weapon,A pistol infused with mysterious Fae magic. Rapidly fires 3-round bursts of energy. Trigger can be held to continuously fire.,https://remnant.wiki/Rune_Pistol
xzlpao,Rupture Cannon,weapon,A mid-range Pistol Shotgun with a brisk fire rate and medium recoil. Slower reload.,https://remnant.wiki/Rupture_Cannon
6odjqi,Rusted Claws,weapon,A pair of old-canine training bracers converted into deadly claws. Used for slashing and ripping.,https://remnant.wiki/Rusted_Claws
gv6yzu,Rusty Lever Action,weapon,A well-worn lever-action rifle.,https://remnant.wiki/Rusty_Lever_Action
t412us,Rusty Repeater,weapon,An old antique pistol.,https://remnant.wiki/Rusty_Repeater
t0cb8d,Sagittarius,weapon,A high-powered Bow which deals bonus damage to Weakspots. Can be charged for increased effect. Perfect release after Charge for maximum damage.,https://remnant.wiki/Sagittarius
2jrbvl,Savior,weapon,An old Fusion Rifle refactored to store and violently release energy in each shot. Can be charged for more damage. Perfect release after Charge for maximum damage.,https://remnant.wiki/Savior
a88cg7,Scrap Hammer,weapon,A large  heavy warhammer cobbled together from engine components. It is a slow-but-devastating weapon meant to destroy anything it hits.,https://remnant.wiki/Scrap_Hammer
wtj6mq,Scrap Hatchet,weapon,A common chopping tool that has been repurposed for combat. Rapidly cycles attacks from right to left. Charge attacks strike twice.,https://remnant.wiki/Scrap_Hatchet
fp5yi4,Scrap Staff,weapon,A staff made from old plumbing parts used for controlling wide swaths in front of the wielder.,https://remnant.wiki/Scrap_Staff
g34ywl,Service Pistol,weapon,A standard issue military spec sidearm known for its reliability and accuracy.,https://remnant.wiki/Service_Pistol
vpEWS5,Shovel,weapon,It's a shovel.,https://remnant.wiki/Shovel
46cwa6,Silverback Model 500,weapon,A powerful hand cannon with a low capacity cylinder. High damage and a heavy kick.,https://remnant.wiki/Silverback_Model_500
d0usz6,Smolder,weapon,A scorched blade imbued with FIRE.,https://remnant.wiki/Smolder
u2z8i3,Sorrow,weapon,The last vestiges of a fallen sister  this mystical crossbow pistol has the ability to recall its bolts to heal the wielder.,https://remnant.wiki/Sorrow
3r9jm7,Sparkfire Shotgun,weapon,Fires incendiary shells that apply BURNING which deals 30 → 90 FIRE damage over 3 seconds.,https://remnant.wiki/Sparkfire_Shotgun
l3zte1,Spectral Blade,weapon,A super-heated laser sword with an infinitely sharp edge. Perfect for cutting... anything.,https://remnant.wiki/Spectral_Blade
q3fgj2,Sporebloom,weapon,An exceptionally powerful single-shot weapon that deals bonus stagger damage. Must reload after each round fired.,https://remnant.wiki/Sporebloom
tldnuq,Star Shot,weapon,Fires a fast moving projectile which explodes on contact. Explosion has no damage falloff.,https://remnant.wiki/Star_Shot
hzmyu1,Starkiller,weapon,Alien rifle that shoots high velocity rails which penetrate enemies. Equipped with a 2.5x magnification scope. Double Tap AIM to Scope.,https://remnant.wiki/Starkiller
ji6tpl,Steel Flail,weapon,An unorthodox weapon meant to convert momentum into destruction. Some attacks can continuously chain overhead swings.,https://remnant.wiki/Steel_Flail
0cnwdx,Steel Katana,weapon,An old piece of steel with serrations cut into one side. Pipe handle provides limited grip.,https://remnant.wiki/Steel_Katana
2po1q8,Steel Scythe,weapon,A ruthless threshing device.,https://remnant.wiki/Steel_Scythe
vbzlfk,Steel Spear,weapon,A spear perfect for staying at range with quick  focused attacks. High  single-target damage.,https://remnant.wiki/Steel_Spear
zsb5g1,Steel Sword,weapon,A long  sharp blade hammered out of vehicle leaf springs. Well-rounded for most situations.,https://remnant.wiki/Steel_Sword
b4g4q0,Stonebreaker,weapon,A massive Greatsword which contains the harnessed magic of a corrupted Guardian. Can summon small shockwaves.,https://remnant.wiki/Stonebreaker
50i9nj,Sureshot,weapon,A high-caliber single-shot hunting pistol that inflicts heavy damage at mid to long range.,https://remnant.wiki/Sureshot
xj5syj,Tech 22,weapon,A suppressed small-caliber automatic pistol with medium magazine capacity and a high fire rate.,https://remnant.wiki/Tech_22
13hsqd,Thorn,weapon,Fires homing needles which deal 5 - 15 Explosive Damage after sticking for 2s. When 5  needles are stuck in a target at once  BLOWBACK triggers  dealing 50 - 150 Explosive Damage instead.,https://remnant.wiki/Thorn
13hsq6,Trinity Crossbow,weapon,A powerful Pan crossbow designed for mid-range combat. Fires 3 bolts at a time.,https://remnant.wiki/Trinity_Crossbow
13hsq0,Twisted Arbalest,weapon,A strange device which fires a bouncing Energy Disc that can hit up to 5 enemies in close proximity. Damage is reduced with each bounce.,https://remnant.wiki/Twisted_Arbalest
ygwrpd,Vice Grips,weapon,A N'Erudian tool converted into a ruthless ripping device. High raw damage.,https://remnant.wiki/Vice_Grips
hk5uls,Western Classic,weapon,A classic six-shooter. Tough. Dependable.,https://remnant.wiki/Western_Classic
fqdvas,Widowmaker,weapon,A powerful single-shot sniper rifle with excellent range and pinpoint accuracy. Comes with a 3x scope. Tap SCOPE to toggle.,https://remnant.wiki/Widowmaker
gilcfn,World's Edge,weapon,A glowing Greatsword forged from shards of a shattered Worldstone. Charge attacks cast waves.,https://remnant.wiki/World's_Edge
5aninv,Wrangler 1860,weapon,A well-rounded lever-action rifle effective at most ranges  hampered only by a slow reload.,https://remnant.wiki/Wrangler_1860
mq5fnr,Wrathbringer,weapon,A massive hammer infused with the souls of deceased Dran. Its dormant power can be awakened by taking damage.,https://remnant.wiki/Wrathbringer
rbpz53,XMG57 "Bonesaw",weapon,An experimental infantry support weapon used for prolonged suppressive fire. High capacity  long reload  and prone to overheating. Becomes more accurate while holding down the trigger.,https://remnant.wiki/XMG57_"Bonesaw"